Time,某金融标的,注1：所有缺少的数值都由最近的之前的工作日的值所替代。
2004-11-23,447.05,
2004-11-24,449.55,
2004-11-25,451.69,
2004-11-26,451.95,
2004-11-27,451.95,
2004-11-28,451.95,
2004-11-29,453.95,
2004-11-30,450.95,
2004-12-01,454.75,
2004-12-02,449.25,
2004-12-03,455.9,
2004-12-04,455.9,
2004-12-05,455.9,
2004-12-06,452.25,
2004-12-07,450.9,
2004-12-08,440.6,
2004-12-09,437.3,
2004-12-10,434.2,
2004-12-11,434.2,
2004-12-12,434.2,
2004-12-13,438.85,
2004-12-14,435.6,
2004-12-15,440.6,
2004-12-16,437.2,
2004-12-17,441.5,
2004-12-18,441.5,
2004-12-19,441.5,
2004-12-20,442.99,
2004-12-21,441.6,
2004-12-22,439.7,
2004-12-23,442.24,
2004-12-24,442.65,
2004-12-25,442.65,
2004-12-26,442.65,
2004-12-27,444.35,
2004-12-28,443.75,
2004-12-29,436.45,
2004-12-30,437.99,
2004-12-31,438.45,
2005-01-01,438.45,
2005-01-02,438.45,
2005-01-03,429.55,
2005-01-04,427.55,
2005-01-05,426.55,
2005-01-06,421.4,
2005-01-07,419.05,
2005-01-08,419.05,
2005-01-09,419.05,
2005-01-10,419.63,
2005-01-11,421.65,
2005-01-12,426.15,
2005-01-13,425.2,
2005-01-14,423.15,
2005-01-15,423.15,
2005-01-16,423.15,
2005-01-17,422.13,
2005-01-18,423.05,
2005-01-19,423.15,
2005-01-20,422.35,
2005-01-21,427.25,
2005-01-22,427.25,
2005-01-23,427.25,
2005-01-24,427.35,
2005-01-25,422.2,
2005-01-26,426.8,
2005-01-27,426.2,
2005-01-28,427,
2005-01-29,427,
2005-01-30,427,
2005-01-31,422.6,
2005-02-01,421.13,
2005-02-02,421.96,
2005-02-03,417.2,
2005-02-04,414.7,
2005-02-05,414.7,
2005-02-06,414.7,
2005-02-07,413.4,
2005-02-08,412.7,
2005-02-09,413.35,
2005-02-10,417.8,
2005-02-11,420.9,
2005-02-12,420.9,
2005-02-13,420.9,
2005-02-14,425.75,
2005-02-15,425.75,
2005-02-16,425.2,
2005-02-17,427.17,
2005-02-18,427.41,
2005-02-19,427.41,
2005-02-20,427.41,
2005-02-21,427.45,
2005-02-22,435.85,
2005-02-23,434.55,
2005-02-24,433.75,
2005-02-25,435.25,
2005-02-26,435.25,
2005-02-27,435.25,
2005-02-28,435.65,
2005-03-01,432.6,
2005-03-02,432.95,
2005-03-03,429.65,
2005-03-04,434.3,
2005-03-05,434.3,
2005-03-06,434.3,
2005-03-07,434.55,
2005-03-08,440.55,
2005-03-09,440.6,
2005-03-10,442.13,
2005-03-11,444.95,
2005-03-12,444.95,
2005-03-13,444.95,
2005-03-14,440.97,
2005-03-15,440.7,
2005-03-16,443.15,
2005-03-17,438.8,
2005-03-18,439.35,
2005-03-19,439.35,
2005-03-20,439.35,
2005-03-21,431.2,
2005-03-22,427.11,
2005-03-23,425.35,
2005-03-24,425.05,
2005-03-25,424.88,
2005-03-26,424.88,
2005-03-27,424.88,
2005-03-28,426.2,
2005-03-29,426.1,
2005-03-30,426.35,
2005-03-31,428.35,
2005-04-01,426.25,
2005-04-02,426.25,
2005-04-03,426.25,
2005-04-04,424.25,
2005-04-05,425.35,
2005-04-06,426.7,
2005-04-07,425.9,
2005-04-08,427.1,
2005-04-09,427.1,
2005-04-10,427.1,
2005-04-11,428,
2005-04-12,428.2,
2005-04-13,428.9,
2005-04-14,424,
2005-04-15,424.9,
2005-04-16,424.9,
2005-04-17,424.9,
2005-04-18,427.35,
2005-04-19,434,
2005-04-20,434.6,
2005-04-21,432.57,
2005-04-22,434.6,
2005-04-23,434.6,
2005-04-24,434.6,
2005-04-25,434.7,
2005-04-26,437.1,
2005-04-27,432.46,
2005-04-28,431.4,
2005-04-29,434.39,
2005-04-30,434.39,
2005-05-01,434.39,
2005-05-02,429.8,
2005-05-03,427.9,
2005-05-04,429.8,
2005-05-05,430.4,
2005-05-06,426.2,
2005-05-07,426.2,
2005-05-08,426.2,
2005-05-09,426.1,
2005-05-10,426.6,
2005-05-11,427.4,
2005-05-12,422.4,
2005-05-13,420.4,
2005-05-14,420.4,
2005-05-15,420.4,
2005-05-16,419.75,
2005-05-17,418.75,
2005-05-18,421.75,
2005-05-19,420.6,
2005-05-20,417.65,
2005-05-21,417.65,
2005-05-22,417.65,
2005-05-23,417.55,
2005-05-24,418.35,
2005-05-25,419.55,
2005-05-26,417.8,
2005-05-27,420.45,
2005-05-28,420.45,
2005-05-29,420.45,
2005-05-30,418.55,
2005-05-31,417.25,
2005-06-01,415.4,
2005-06-02,421.8,
2005-06-03,422.45,
2005-06-04,422.45,
2005-06-05,422.45,
2005-06-06,425.95,
2005-06-07,424.75,
2005-06-08,423.15,
2005-06-09,423.7,
2005-06-10,427.05,
2005-06-11,427.05,
2005-06-12,427.05,
2005-06-13,428.9,
2005-06-14,426.85,
2005-06-15,428.9,
2005-06-16,435.65,
2005-06-17,437.65,
2005-06-18,437.65,
2005-06-19,437.65,
2005-06-20,437.9,
2005-06-21,438.6,
2005-06-22,438.15,
2005-06-23,441.3,
2005-06-24,439.95,
2005-06-25,439.95,
2005-06-26,439.95,
2005-06-27,439.8,
2005-06-28,435.55,
2005-06-29,437.25,
2005-06-30,435.5,
2005-07-01,427.4,
2005-07-02,427.4,
2005-07-03,427.4,
2005-07-04,427.9,
2005-07-05,423.6,
2005-07-06,423.76,
2005-07-07,424.2,
2005-07-08,423.1,
2005-07-09,423.1,
2005-07-10,423.1,
2005-07-11,425.9,
2005-07-12,426.95,
2005-07-13,424.1,
2005-07-14,419.6,
2005-07-15,421.55,
2005-07-16,421.55,
2005-07-17,421.55,
2005-07-18,421.05,
2005-07-19,420.1,
2005-07-20,423.15,
2005-07-21,425.6,
2005-07-22,425,
2005-07-23,425,
2005-07-24,425,
2005-07-25,425.85,
2005-07-26,423.5,
2005-07-27,425.5,
2005-07-28,428,
2005-07-29,429.8,
2005-07-30,429.8,
2005-07-31,429.8,
2005-08-01,432.2,
2005-08-02,432.3,
2005-08-03,436.8,
2005-08-04,437.6,
2005-08-05,437.3,
2005-08-06,437.3,
2005-08-07,437.3,
2005-08-08,435,
2005-08-09,434.8,
2005-08-10,437.6,
2005-08-11,445.9,
2005-08-12,446.2,
2005-08-13,446.2,
2005-08-14,446.2,
2005-08-15,442.4,
2005-08-16,446.15,
2005-08-17,440.1,
2005-08-18,439.7,
2005-08-19,436.3,
2005-08-20,436.3,
2005-08-21,436.3,
2005-08-22,438.2,
2005-08-23,439.2,
2005-08-24,437.67,
2005-08-25,438.7,
2005-08-26,437.7,
2005-08-27,437.7,
2005-08-28,437.7,
2005-08-29,436.9,
2005-08-30,431.6,
2005-08-31,435.2,
2005-09-01,443.25,
2005-09-02,444.4,
2005-09-03,444.4,
2005-09-04,444.4,
2005-09-05,445.35,
2005-09-06,444,
2005-09-07,444.7,
2005-09-08,447.4,
2005-09-09,449.2,
2005-09-10,449.2,
2005-09-11,449.2,
2005-09-12,449.75,
2005-09-13,446.5,
2005-09-14,450.3,
2005-09-15,455.75,
2005-09-16,459.75,
2005-09-17,459.75,
2005-09-18,459.75,
2005-09-19,464.75,
2005-09-20,463.85,
2005-09-21,472.35,
2005-09-22,466.05,
2005-09-23,463.25,
2005-09-24,463.25,
2005-09-25,463.25,
2005-09-26,466.65,
2005-09-27,462.5,
2005-09-28,469,
2005-09-29,472.15,
2005-09-30,469.3,
2005-10-01,469.3,
2005-10-02,469.3,
2005-10-03,465.95,
2005-10-04,466.25,
2005-10-05,464.75,
2005-10-06,473.45,
2005-10-07,474.85,
2005-10-08,474.85,
2005-10-09,474.85,
2005-10-10,475.24,
2005-10-11,475.5,
2005-10-12,470.9,
2005-10-13,471.6,
2005-10-14,469.7,
2005-10-15,469.7,
2005-10-16,469.7,
2005-10-17,474,
2005-10-18,472.2,
2005-10-19,464.55,
2005-10-20,461.2,
2005-10-21,466.89,
2005-10-22,466.89,
2005-10-23,466.89,
2005-10-24,465.25,
2005-10-25,472.6,
2005-10-26,470.95,
2005-10-27,473.65,
2005-10-28,473.49,
2005-10-29,473.49,
2005-10-30,473.49,
2005-10-31,465.18,
2005-11-01,459.15,
2005-11-02,463.2,
2005-11-03,461.1,
2005-11-04,456.9,
2005-11-05,456.9,
2005-11-06,456.9,
2005-11-07,459.6,
2005-11-08,460.8,
2005-11-09,467.1,
2005-11-10,466.85,
2005-11-11,468.7,
2005-11-12,468.7,
2005-11-13,468.7,
2005-11-14,467.5,
2005-11-15,468.52,
2005-11-16,479.3,
2005-11-17,486,
2005-11-18,485.8,
2005-11-19,485.8,
2005-11-20,485.8,
2005-11-21,491.76,
2005-11-22,494.58,
2005-11-23,492.5,
2005-11-24,493.49,
2005-11-25,496.08,
2005-11-26,496.08,
2005-11-27,496.08,
2005-11-28,498.7,
2005-11-29,499.8,
2005-11-30,493.08,
2005-12-01,503.9,
2005-12-02,503.38,
2005-12-03,503.38,
2005-12-04,503.38,
2005-12-05,509.4,
2005-12-06,511.4,
2005-12-07,515.2,
2005-12-08,521.13,
2005-12-09,526.4,
2005-12-10,526.4,
2005-12-11,526.4,
2005-12-12,528,
2005-12-13,518.7,
2005-12-14,506.5,
2005-12-15,502.98,
2005-12-16,503.24,
2005-12-17,503.24,
2005-12-18,503.24,
2005-12-19,503.8,
2005-12-20,492.25,
2005-12-21,495.33,
2005-12-22,504.33,
2005-12-23,502.8,
2005-12-24,502.8,
2005-12-25,502.8,
2005-12-26,505.13,
2005-12-27,507.9,
2005-12-28,516.6,
2005-12-29,516.9,
2005-12-30,517,
2005-12-31,517,
2006-01-01,517,
2006-01-02,516.88,
2006-01-03,534.15,
2006-01-04,534.4,
2006-01-05,524.8,
2006-01-06,539.95,
2006-01-07,539.95,
2006-01-08,539.95,
2006-01-09,548.95,
2006-01-10,542.5,
2006-01-11,547.5,
2006-01-12,546.4,
2006-01-13,557.34,
2006-01-14,557.34,
2006-01-15,557.34,
2006-01-16,562.2,
2006-01-17,554.8,
2006-01-18,542.95,
2006-01-19,557.8,
2006-01-20,554.49,
2006-01-21,554.49,
2006-01-22,554.49,
2006-01-23,559.4,
2006-01-24,558.6,
2006-01-25,563.4,
2006-01-26,560.65,
2006-01-27,559.5,
2006-01-28,559.5,
2006-01-29,559.5,
2006-01-30,568.35,
2006-01-31,568.9,
2006-02-01,569.35,
2006-02-02,572.2,
2006-02-03,568.9,
2006-02-04,568.9,
2006-02-05,568.9,
2006-02-06,569.9,
2006-02-07,548.45,
2006-02-08,551.45,
2006-02-09,564.4,
2006-02-10,551,
2006-02-11,551,
2006-02-12,551,
2006-02-13,540.35,
2006-02-14,547.55,
2006-02-15,539.95,
2006-02-16,548.15,
2006-02-17,552.1,
2006-02-18,552.1,
2006-02-19,552.1,
2006-02-20,555.84,
2006-02-21,554.35,
2006-02-22,555.2,
2006-02-23,548.84,
2006-02-24,559.05,
2006-02-25,559.05,
2006-02-26,559.05,
2006-02-27,553.95,
2006-02-28,561.55,
2006-03-01,562.95,
2006-03-02,569.85,
2006-03-03,565.4,
2006-03-04,565.4,
2006-03-05,565.4,
2006-03-06,555.35,
2006-03-07,552.7,
2006-03-08,543.55,
2006-03-09,546.05,
2006-03-10,541.05,
2006-03-11,541.05,
2006-03-12,541.05,
2006-03-13,545.9,
2006-03-14,551.05,
2006-03-15,552.95,
2006-03-16,555.4,
2006-03-17,554.1,
2006-03-18,554.1,
2006-03-19,554.1,
2006-03-20,554.9,
2006-03-21,552.1,
2006-03-22,550.8,
2006-03-23,549.8,
2006-03-24,560.13,
2006-03-25,560.13,
2006-03-26,560.13,
2006-03-27,567.3,
2006-03-28,563.6,
2006-03-29,573.6,
2006-03-30,588.65,
2006-03-31,583.65,
2006-04-01,583.65,
2006-04-02,583.65,
2006-04-03,587.85,
2006-04-04,586.7,
2006-04-05,588.5,
2006-04-06,595.3,
2006-04-07,588.85,
2006-04-08,588.85,
2006-04-09,588.85,
2006-04-10,599.75,
2006-04-11,593.41,
2006-04-12,598.38,
2006-04-13,596.47,
2006-04-14,602.99,
2006-04-15,602.99,
2006-04-16,602.99,
2006-04-17,613.47,
2006-04-18,621.07,
2006-04-19,640.2,
2006-04-20,612.5,
2006-04-21,633.97,
2006-04-22,633.97,
2006-04-23,633.97,
2006-04-24,620.7,
2006-04-25,630.3,
2006-04-26,638.63,
2006-04-27,633.63,
2006-04-28,654.42,
2006-04-29,654.42,
2006-04-30,654.42,
2006-05-01,655.1,
2006-05-02,668.8,
2006-05-03,667,
2006-05-04,679.7,
2006-05-05,683.8,
2006-05-06,683.8,
2006-05-07,683.8,
2006-05-08,678.7,
2006-05-09,700.9,
2006-05-10,707.9,
2006-05-11,714.3,
2006-05-12,714.8,
2006-05-13,714.8,
2006-05-14,714.8,
2006-05-15,677.4,
2006-05-16,690.4,
2006-05-17,687.1,
2006-05-18,682.3,
2006-05-19,657.6,
2006-05-20,657.6,
2006-05-21,657.6,
2006-05-22,656.05,
2006-05-23,666.5,
2006-05-24,640.7,
2006-05-25,650.9,
2006-05-26,653.7,
2006-05-27,653.7,
2006-05-28,653.7,
2006-05-29,647.77,
2006-05-30,652.9,
2006-05-31,645.2,
2006-06-01,629.6,
2006-06-02,638.2,
2006-06-03,638.2,
2006-06-04,638.2,
2006-06-05,637.15,
2006-06-06,630.65,
2006-06-07,626.45,
2006-06-08,613.25,
2006-06-09,607.45,
2006-06-10,607.45,
2006-06-11,607.45,
2006-06-12,604.25,
2006-06-13,562.05,
2006-06-14,559.75,
2006-06-15,577.05,
2006-06-16,581.15,
2006-06-17,581.15,
2006-06-18,581.15,
2006-06-19,565.25,
2006-06-20,575.85,
2006-06-21,587.55,
2006-06-22,580.65,
2006-06-23,583.05,
2006-06-24,583.05,
2006-06-25,583.05,
2006-06-26,585.25,
2006-06-27,579.05,
2006-06-28,580.15,
2006-06-29,599.65,
2006-06-30,615.85,
2006-07-01,615.85,
2006-07-02,615.85,
2006-07-03,623.49,
2006-07-04,620.24,
2006-07-05,628.15,
2006-07-06,633.03,
2006-07-07,629.25,
2006-07-08,629.25,
2006-07-09,629.25,
2006-07-10,624.15,
2006-07-11,641.45,
2006-07-12,651.53,
2006-07-13,660.05,
2006-07-14,664.15,
2006-07-15,664.15,
2006-07-16,664.15,
2006-07-17,643.03,
2006-07-18,633.05,
2006-07-19,642.75,
2006-07-20,628.15,
2006-07-21,619.75,
2006-07-22,619.75,
2006-07-23,619.75,
2006-07-24,615.25,
2006-07-25,619.13,
2006-07-26,624.75,
2006-07-27,634.35,
2006-07-28,634.75,
2006-07-29,634.75,
2006-07-30,634.75,
2006-07-31,636.74,
2006-08-01,646.84,
2006-08-02,651.25,
2006-08-03,644.92,
2006-08-04,646.5,
2006-08-05,646.5,
2006-08-06,646.5,
2006-08-07,648.65,
2006-08-08,642.55,
2006-08-09,650.03,
2006-08-10,636.25,
2006-08-11,632.55,
2006-08-12,632.55,
2006-08-13,632.55,
2006-08-14,626.7,
2006-08-15,624.8,
2006-08-16,629.05,
2006-08-17,614,
2006-08-18,614.9,
2006-08-19,614.9,
2006-08-20,614.9,
2006-08-21,628.1,
2006-08-22,625,
2006-08-23,622.34,
2006-08-24,621.4,
2006-08-25,622.53,
2006-08-26,622.53,
2006-08-27,622.53,
2006-08-28,614.78,
2006-08-29,614.95,
2006-08-30,619.28,
2006-08-31,627.3,
2006-09-01,625.45,
2006-09-02,625.45,
2006-09-03,625.45,
2006-09-04,626.5,
2006-09-05,638.3,
2006-09-06,633.7,
2006-09-07,616.8,
2006-09-08,610.8,
2006-09-09,610.8,
2006-09-10,610.8,
2006-09-11,589.74,
2006-09-12,587.45,
2006-09-13,590.19,
2006-09-14,575.25,
2006-09-15,579.33,
2006-09-16,579.33,
2006-09-17,579.33,
2006-09-18,587.2,
2006-09-19,573.65,
2006-09-20,576.8,
2006-09-21,584.2,
2006-09-22,589.6,
2006-09-23,589.6,
2006-09-24,589.6,
2006-09-25,590.8,
2006-09-26,592,
2006-09-27,603.1,
2006-09-28,601.3,
2006-09-29,598.3,
2006-09-30,598.3,
2006-10-01,598.3,
2006-10-02,596.7,
2006-10-03,574.5,
2006-10-04,567,
2006-10-05,574.3,
2006-10-06,574.1,
2006-10-07,574.1,
2006-10-08,574.1,
2006-10-09,577.1,
2006-10-10,573,
2006-10-11,573,
2006-10-12,579.3,
2006-10-13,590.4,
2006-10-14,590.4,
2006-10-15,590.4,
2006-10-16,596,
2006-10-17,590.1,
2006-10-18,590.2,
2006-10-19,599.4,
2006-10-20,591.5,
2006-10-21,591.5,
2006-10-22,591.5,
2006-10-23,581.95,
2006-10-24,586.45,
2006-10-25,591.05,
2006-10-26,597.15,
2006-10-27,599.95,
2006-10-28,599.95,
2006-10-29,599.95,
2006-10-30,604.1,
2006-10-31,606.6,
2006-11-01,617.6,
2006-11-02,624.7,
2006-11-03,627.4,
2006-11-04,627.4,
2006-11-05,627.4,
2006-11-06,623.2,
2006-11-07,624.8,
2006-11-08,615.8,
2006-11-09,633.41,
2006-11-10,628.55,
2006-11-11,628.55,
2006-11-12,628.55,
2006-11-13,625.7,
2006-11-14,620.88,
2006-11-15,623.1,
2006-11-16,618.25,
2006-11-17,621.7,
2006-11-18,621.7,
2006-11-19,621.7,
2006-11-20,622.9,
2006-11-21,627.5,
2006-11-22,630.3,
2006-11-23,631.25,
2006-11-24,638.2,
2006-11-25,638.2,
2006-11-26,638.2,
2006-11-27,640.6,
2006-11-28,640,
2006-11-29,636.65,
2006-11-30,648,
2006-12-01,645.6,
2006-12-02,645.6,
2006-12-03,645.6,
2006-12-04,646.2,
2006-12-05,643.15,
2006-12-06,630.95,
2006-12-07,633.84,
2006-12-08,625.15,
2006-12-09,625.15,
2006-12-10,625.15,
2006-12-11,630.45,
2006-12-12,630.05,
2006-12-13,628.75,
2006-12-14,625.85,
2006-12-15,615.35,
2006-12-16,615.35,
2006-12-17,615.35,
2006-12-18,616.25,
2006-12-19,622.95,
2006-12-20,620.44,
2006-12-21,618.5,
2006-12-22,621.01,
2006-12-23,621.01,
2006-12-24,621.01,
2006-12-25,620.75,
2006-12-26,624.7,
2006-12-27,627.2,
2006-12-28,634.9,
2006-12-29,636.7,
2006-12-30,636.7,
2006-12-31,636.7,
2007-01-01,636.8,
2007-01-02,640.5,
2007-01-03,627.5,
2007-01-04,622,
2007-01-05,607.4,
2007-01-06,607.4,
2007-01-07,607.4,
2007-01-08,610,
2007-01-09,613.7,
2007-01-10,611.3,
2007-01-11,611.6,
2007-01-12,627.2,
2007-01-13,627.2,
2007-01-14,627.2,
2007-01-15,626.7,
2007-01-16,624.8,
2007-01-17,631.8,
2007-01-18,627.7,
2007-01-19,635.4,
2007-01-20,635.4,
2007-01-21,635.4,
2007-01-22,633.4,
2007-01-23,646.7,
2007-01-24,648.8,
2007-01-25,646.1,
2007-01-26,646,
2007-01-27,646,
2007-01-28,646,
2007-01-29,643.7,
2007-01-30,647.3,
2007-01-31,653.2,
2007-02-01,657.2,
2007-02-02,647.85,
2007-02-03,647.85,
2007-02-04,647.85,
2007-02-05,648.45,
2007-02-06,653.3,
2007-02-07,651.45,
2007-02-08,660.45,
2007-02-09,666.85,
2007-02-10,666.85,
2007-02-11,666.85,
2007-02-12,661.1,
2007-02-13,664.25,
2007-02-14,669.13,
2007-02-15,669.75,
2007-02-16,669.05,
2007-02-17,669.05,
2007-02-18,669.05,
2007-02-19,670.75,
2007-02-20,657.25,
2007-02-21,678.85,
2007-02-22,677.45,
2007-02-23,682.55,
2007-02-24,682.55,
2007-02-25,682.55,
2007-02-26,686.55,
2007-02-27,663.35,
2007-02-28,669.35,
2007-03-01,664.45,
2007-03-02,642.45,
2007-03-03,642.45,
2007-03-04,642.45,
2007-03-05,636.6,
2007-03-06,646.5,
2007-03-07,649,
2007-03-08,651.8,
2007-03-09,650.27,
2007-03-10,650.27,
2007-03-11,650.27,
2007-03-12,650.5,
2007-03-13,643.8,
2007-03-14,644.7,
2007-03-15,646.6,
2007-03-16,653.4,
2007-03-17,653.4,
2007-03-18,653.4,
2007-03-19,654.2,
2007-03-20,658.8,
2007-03-21,664.2,
2007-03-22,664,
2007-03-23,657.4,
2007-03-24,657.4,
2007-03-25,657.4,
2007-03-26,664.1,
2007-03-27,664.41,
2007-03-28,665.55,
2007-03-29,661.5,
2007-03-30,663.79,
2007-03-31,663.79,
2007-04-01,663.79,
2007-04-02,664,
2007-04-03,663.95,
2007-04-04,674.35,
2007-04-05,674.45,
2007-04-06,675,
2007-04-07,675,
2007-04-08,675,
2007-04-09,670.75,
2007-04-10,677.9,
2007-04-11,677.3,
2007-04-12,676.1,
2007-04-13,685.52,
2007-04-14,685.52,
2007-04-15,685.52,
2007-04-16,690.2,
2007-04-17,686.55,
2007-04-18,690.05,
2007-04-19,682.95,
2007-04-20,691.95,
2007-04-21,691.95,
2007-04-22,691.95,
2007-04-23,689.15,
2007-04-24,683.65,
2007-04-25,686.25,
2007-04-26,674.75,
2007-04-27,681.55,
2007-04-28,681.55,
2007-04-29,681.55,
2007-04-30,678.45,
2007-05-01,673.45,
2007-05-02,673.15,
2007-05-03,682.35,
2007-05-04,688.85,
2007-05-05,688.85,
2007-05-06,688.85,
2007-05-07,688.75,
2007-05-08,685.65,
2007-05-09,680.55,
2007-05-10,665.65,
2007-05-11,670.85,
2007-05-12,670.85,
2007-05-13,670.85,
2007-05-14,669.75,
2007-05-15,672.05,
2007-05-16,662.15,
2007-05-17,657.65,
2007-05-18,661.75,
2007-05-19,661.75,
2007-05-20,661.75,
2007-05-21,663.25,
2007-05-22,659.25,
2007-05-23,661.85,
2007-05-24,654.65,
2007-05-25,656,
2007-05-26,656,
2007-05-27,656,
2007-05-28,655.55,
2007-05-29,656.85,
2007-05-30,653.45,
2007-05-31,660.5,
2007-06-01,671.75,
2007-06-02,671.75,
2007-06-03,671.75,
2007-06-04,671.15,
2007-06-05,670.05,
2007-06-06,670.75,
2007-06-07,659.15,
2007-06-08,648.85,
2007-06-09,648.85,
2007-06-10,648.85,
2007-06-11,653.65,
2007-06-12,647.25,
2007-06-13,651.75,
2007-06-14,651.95,
2007-06-15,655.35,
2007-06-16,655.35,
2007-06-17,655.35,
2007-06-18,656.35,
2007-06-19,661.45,
2007-06-20,654.55,
2007-06-21,651.73,
2007-06-22,654.3,
2007-06-23,654.3,
2007-06-24,654.3,
2007-06-25,651,
2007-06-26,640.9,
2007-06-27,643.5,
2007-06-28,648.95,
2007-06-29,649.65,
2007-06-30,649.65,
2007-07-01,649.65,
2007-07-02,657.25,
2007-07-03,653.2,
2007-07-04,654.2,
2007-07-05,649.5,
2007-07-06,655.9,
2007-07-07,655.9,
2007-07-08,655.9,
2007-07-09,660.4,
2007-07-10,663.3,
2007-07-11,660.65,
2007-07-12,666.8,
2007-07-13,666.9,
2007-07-14,666.9,
2007-07-15,666.9,
2007-07-16,664.9,
2007-07-17,664.9,
2007-07-18,673,
2007-07-19,677.5,
2007-07-20,683.4,
2007-07-21,683.4,
2007-07-22,683.4,
2007-07-23,681.6,
2007-07-24,681,
2007-07-25,674.9,
2007-07-26,662.9,
2007-07-27,661.2,
2007-07-28,661.2,
2007-07-29,661.2,
2007-07-30,665,
2007-07-31,664.3,
2007-08-01,666.9,
2007-08-02,665.55,
2007-08-03,673,
2007-08-04,673,
2007-08-05,673,
2007-08-06,672.01,
2007-08-07,672.4,
2007-08-08,674.8,
2007-08-09,662.1,
2007-08-10,672.8,
2007-08-11,672.8,
2007-08-12,672.8,
2007-08-13,669.5,
2007-08-14,669.2,
2007-08-15,667.6,
2007-08-16,652.01,
2007-08-17,657.8,
2007-08-18,657.8,
2007-08-19,657.8,
2007-08-20,657.11,
2007-08-21,657.3,
2007-08-22,660.8,
2007-08-23,660.38,
2007-08-24,668.2,
2007-08-25,668.2,
2007-08-26,668.2,
2007-08-27,667.6,
2007-08-28,662.5,
2007-08-29,667.6,
2007-08-30,665.3,
2007-08-31,673.4,
2007-09-01,673.4,
2007-09-02,673.4,
2007-09-03,672.52,
2007-09-04,681.65,
2007-09-05,681.8,
2007-09-06,695.41,
2007-09-07,701,
2007-09-08,701,
2007-09-09,701,
2007-09-10,703.1,
2007-09-11,712.5,
2007-09-12,711.6,
2007-09-13,708.3,
2007-09-14,707.6,
2007-09-15,707.6,
2007-09-16,707.6,
2007-09-17,717.9,
2007-09-18,723.5,
2007-09-19,721.4,
2007-09-20,733.26,
2007-09-21,731.5,
2007-09-22,731.5,
2007-09-23,731.5,
2007-09-24,730.6,
2007-09-25,731.7,
2007-09-26,728.8,
2007-09-27,734.43,
2007-09-28,743.6,
2007-09-29,743.6,
2007-09-30,743.6,
2007-10-01,747.2,
2007-10-02,731.6,
2007-10-03,727.9,
2007-10-04,738,
2007-10-05,742.7,
2007-10-06,742.7,
2007-10-07,742.7,
2007-10-08,733.3,
2007-10-09,737.9,
2007-10-10,741.1,
2007-10-11,747.88,
2007-10-12,749.1,
2007-10-13,749.1,
2007-10-14,749.1,
2007-10-15,759.4,
2007-10-16,760.5,
2007-10-17,754.82,
2007-10-18,768.2,
2007-10-19,765.2,
2007-10-20,765.2,
2007-10-21,765.2,
2007-10-22,754.2,
2007-10-23,759.8,
2007-10-24,763.95,
2007-10-25,769.3,
2007-10-26,785.2,
2007-10-27,785.2,
2007-10-28,785.2,
2007-10-29,791.8,
2007-10-30,782.1,
2007-10-31,796.59,
2007-11-01,787.3,
2007-11-02,807,
2007-11-03,807,
2007-11-04,807,
2007-11-05,806.5,
2007-11-06,825,
2007-11-07,831.09,
2007-11-08,833.59,
2007-11-09,832,
2007-11-10,832,
2007-11-11,832,
2007-11-12,793.5,
2007-11-13,802,
2007-11-14,811.95,
2007-11-15,788.45,
2007-11-16,786.3,
2007-11-17,786.3,
2007-11-18,786.3,
2007-11-19,781.75,
2007-11-20,803.2,
2007-11-21,800.32,
2007-11-22,804.53,
2007-11-23,823.8,
2007-11-24,823.8,
2007-11-25,823.8,
2007-11-26,824.6,
2007-11-27,812.59,
2007-11-28,804.83,
2007-11-29,793.07,
2007-11-30,783.75,
2007-12-01,783.75,
2007-12-02,783.75,
2007-12-03,794.3,
2007-12-04,801.7,
2007-12-05,795.15,
2007-12-06,802.42,
2007-12-07,794.8,
2007-12-08,794.8,
2007-12-09,794.8,
2007-12-10,808.53,
2007-12-11,796.98,
2007-12-12,813.48,
2007-12-13,797.62,
2007-12-14,794.49,
2007-12-15,794.49,
2007-12-16,794.49,
2007-12-17,793.35,
2007-12-18,802.88,
2007-12-19,802.19,
2007-12-20,796.38,
2007-12-21,811.72,
2007-12-22,811.72,
2007-12-23,811.72,
2007-12-24,811.8,
2007-12-25,807,
2007-12-26,824.5,
2007-12-27,825.58,
2007-12-28,840.5,
2007-12-29,840.5,
2007-12-30,840.5,
2007-12-31,833.92,
2008-01-01,833.7,
2008-01-02,857.55,
2008-01-03,864.93,
2008-01-04,859.6,
2008-01-05,859.6,
2008-01-06,859.6,
2008-01-07,858.16,
2008-01-08,878.16,
2008-01-09,878.8,
2008-01-10,893.3,
2008-01-11,895.4,
2008-01-12,895.4,
2008-01-13,895.4,
2008-01-14,904.13,
2008-01-15,888.1,
2008-01-16,877.03,
2008-01-17,877.76,
2008-01-18,883.17,
2008-01-19,883.17,
2008-01-20,883.17,
2008-01-21,865,
2008-01-22,892.34,
2008-01-23,890.32,
2008-01-24,912.85,
2008-01-25,913.95,
2008-01-26,913.95,
2008-01-27,913.95,
2008-01-28,928.97,
2008-01-29,923.76,
2008-01-30,929.4,
2008-01-31,925.99,
2008-02-01,905.48,
2008-02-02,905.48,
2008-02-03,905.48,
2008-02-04,903.58,
2008-02-05,888.17,
2008-02-06,900.6,
2008-02-07,910.51,
2008-02-08,922.99,
2008-02-09,922.99,
2008-02-10,922.99,
2008-02-11,923.5,
2008-02-12,906.39,
2008-02-13,906.6,
2008-02-14,908.2,
2008-02-15,902.5,
2008-02-16,902.5,
2008-02-17,902.5,
2008-02-18,905.2,
2008-02-19,927.8,
2008-02-20,944.1,
2008-02-21,946.1,
2008-02-22,945.2,
2008-02-23,945.2,
2008-02-24,945.2,
2008-02-25,939.6,
2008-02-26,948.15,
2008-02-27,957.84,
2008-02-28,970.74,
2008-02-29,974.17,
2008-03-01,974.17,
2008-03-02,974.17,
2008-03-03,983.7,
2008-03-04,964.01,
2008-03-05,989.8,
2008-03-06,978.99,
2008-03-07,973.2,
2008-03-08,973.2,
2008-03-09,973.2,
2008-03-10,972.84,
2008-03-11,973.3,
2008-03-12,982.93,
2008-03-13,994.83,
2008-03-14,1002.95,
2008-03-15,1002.95,
2008-03-16,1002.95,
2008-03-17,1002.7,
2008-03-18,982.24,
2008-03-19,944.2,
2008-03-20,910.2,
2008-03-21,919.5,
2008-03-22,919.5,
2008-03-23,919.5,
2008-03-24,915.3,
2008-03-25,938.78,
2008-03-26,954.17,
2008-03-27,947.2,
2008-03-28,931.05,
2008-03-29,931.05,
2008-03-30,931.05,
2008-03-31,916.88,
2008-04-01,882.7,
2008-04-02,904.35,
2008-04-03,902.9,
2008-04-04,913.79,
2008-04-05,913.79,
2008-04-06,913.79,
2008-04-07,920,
2008-04-08,914.9,
2008-04-09,934,
2008-04-10,928.99,
2008-04-11,925.3,
2008-04-12,925.3,
2008-04-13,925.3,
2008-04-14,924.45,
2008-04-15,927.91,
2008-04-16,944.59,
2008-04-17,938.8,
2008-04-18,917.09,
2008-04-19,917.09,
2008-04-20,917.09,
2008-04-21,916.74,
2008-04-22,915.9,
2008-04-23,904.25,
2008-04-24,886.13,
2008-04-25,886.3,
2008-04-26,886.3,
2008-04-27,886.3,
2008-04-28,893.26,
2008-04-29,870.5,
2008-04-30,877.55,
2008-05-01,852.7,
2008-05-02,856.45,
2008-05-03,856.45,
2008-05-04,856.45,
2008-05-05,874.2,
2008-05-06,876.4,
2008-05-07,868.75,
2008-05-08,881.85,
2008-05-09,884.85,
2008-05-10,884.85,
2008-05-11,884.85,
2008-05-12,882.68,
2008-05-13,866.95,
2008-05-14,864,
2008-05-15,881.65,
2008-05-16,902.4,
2008-05-17,902.4,
2008-05-18,902.4,
2008-05-19,905.2,
2008-05-20,919.25,
2008-05-21,932.55,
2008-05-22,921.85,
2008-05-23,925.1,
2008-05-24,925.1,
2008-05-25,925.1,
2008-05-26,929.1,
2008-05-27,906.45,
2008-05-28,900.85,
2008-05-29,877.9,
2008-05-30,886.5,
2008-05-31,886.5,
2008-06-01,886.5,
2008-06-02,891.42,
2008-06-03,880.55,
2008-06-04,880.9,
2008-06-05,877.2,
2008-06-06,902.25,
2008-06-07,902.25,
2008-06-08,902.25,
2008-06-09,892.9,
2008-06-10,867,
2008-06-11,880.35,
2008-06-12,868.2,
2008-06-13,871.55,
2008-06-14,871.55,
2008-06-15,871.55,
2008-06-16,882.4,
2008-06-17,882.75,
2008-06-18,894.35,
2008-06-19,898.47,
2008-06-20,902.3,
2008-06-21,902.3,
2008-06-22,902.3,
2008-06-23,883.8,
2008-06-24,889.6,
2008-06-25,886.38,
2008-06-26,917.3,
2008-06-27,927.8,
2008-06-28,927.8,
2008-06-29,927.8,
2008-06-30,925.4,
2008-07-01,939.63,
2008-07-02,945.15,
2008-07-03,934.45,
2008-07-04,933.25,
2008-07-05,933.25,
2008-07-06,933.25,
2008-07-07,925.85,
2008-07-08,919.63,
2008-07-09,928.57,
2008-07-10,947.66,
2008-07-11,964.2,
2008-07-12,964.2,
2008-07-13,964.2,
2008-07-14,972.6,
2008-07-15,977.5,
2008-07-16,959.95,
2008-07-17,957.43,
2008-07-18,955,
2008-07-19,955,
2008-07-20,955,
2008-07-21,965.55,
2008-07-22,946.4,
2008-07-23,920.85,
2008-07-24,928.05,
2008-07-25,929.85,
2008-07-26,929.85,
2008-07-27,929.85,
2008-07-28,930.63,
2008-07-29,918.9,
2008-07-30,906.1,
2008-07-31,914.07,
2008-08-01,910.95,
2008-08-02,910.95,
2008-08-03,910.95,
2008-08-04,894.8,
2008-08-05,874.4,
2008-08-06,879.8,
2008-08-07,873.05,
2008-08-08,856.6,
2008-08-09,856.6,
2008-08-10,856.6,
2008-08-11,823.85,
2008-08-12,812.32,
2008-08-13,826.8,
2008-08-14,806.63,
2008-08-15,787.7,
2008-08-16,787.7,
2008-08-17,787.7,
2008-08-18,800.07,
2008-08-19,814.2,
2008-08-20,813.67,
2008-08-21,837,
2008-08-22,823.05,
2008-08-23,823.05,
2008-08-24,823.05,
2008-08-25,821.95,
2008-08-26,824.9,
2008-08-27,826.9,
2008-08-28,834.05,
2008-08-29,831.15,
2008-08-30,831.15,
2008-08-31,831.15,
2008-09-01,817.7,
2008-09-02,805.35,
2008-09-03,801.3,
2008-09-04,796.45,
2008-09-05,803.5,
2008-09-06,803.5,
2008-09-07,803.5,
2008-09-08,802.3,
2008-09-09,777.25,
2008-09-10,752.45,
2008-09-11,746.47,
2008-09-12,765.5,
2008-09-13,765.5,
2008-09-14,765.5,
2008-09-15,786.65,
2008-09-16,779.75,
2008-09-17,863.85,
2008-09-18,850.84,
2008-09-19,873.55,
2008-09-20,873.55,
2008-09-21,873.55,
2008-09-22,897,
2008-09-23,892.15,
2008-09-24,882.63,
2008-09-25,877.9,
2008-09-26,878.75,
2008-09-27,878.75,
2008-09-28,878.75,
2008-09-29,909.5,
2008-09-30,870.95,
2008-10-01,870.8,
2008-10-02,836.4,
2008-10-03,835.5,
2008-10-04,835.5,
2008-10-05,835.5,
2008-10-06,859.75,
2008-10-07,887.1,
2008-10-08,907.62,
2008-10-09,913.25,
2008-10-10,849.85,
2008-10-11,849.85,
2008-10-12,849.85,
2008-10-13,833.05,
2008-10-14,836.7,
2008-10-15,846.9,
2008-10-16,804.6,
2008-10-17,783.35,
2008-10-18,783.35,
2008-10-19,783.35,
2008-10-20,796.9,
2008-10-21,771.65,
2008-10-22,730.45,
2008-10-23,721.45,
2008-10-24,734.75,
2008-10-25,734.75,
2008-10-26,734.75,
2008-10-27,730.8,
2008-10-28,746.95,
2008-10-29,754.95,
2008-10-30,738.13,
2008-10-31,724.55,
2008-11-01,724.55,
2008-11-02,724.55,
2008-11-03,723.45,
2008-11-04,763.25,
2008-11-05,740.35,
2008-11-06,732.85,
2008-11-07,736.65,
2008-11-08,736.65,
2008-11-09,736.65,
2008-11-10,746.2,
2008-11-11,731.7,
2008-11-12,712.3,
2008-11-13,736.5,
2008-11-14,742.1,
2008-11-15,742.1,
2008-11-16,742.1,
2008-11-17,737.92,
2008-11-18,738.15,
2008-11-19,734.55,
2008-11-20,745.06,
2008-11-21,800.4,
2008-11-22,800.4,
2008-11-23,800.4,
2008-11-24,821.65,
2008-11-25,821.05,
2008-11-26,812.9,
2008-11-27,815.83,
2008-11-28,818.05,
2008-11-29,818.05,
2008-11-30,818.05,
2008-12-01,768.95,
2008-12-02,782.35,
2008-12-03,773.95,
2008-12-04,767,
2008-12-05,756.45,
2008-12-06,756.45,
2008-12-07,756.45,
2008-12-08,772.7,
2008-12-09,776.95,
2008-12-10,810.6,
2008-12-11,821.35,
2008-12-12,822.35,
2008-12-13,822.35,
2008-12-14,822.35,
2008-12-15,838.45,
2008-12-16,858.1,
2008-12-17,867.9,
2008-12-18,852.91,
2008-12-19,838.28,
2008-12-20,838.28,
2008-12-21,838.28,
2008-12-22,848.05,
2008-12-23,840.2,
2008-12-24,848,
2008-12-25,846.99,
2008-12-26,869.3,
2008-12-27,869.3,
2008-12-28,869.3,
2008-12-29,880.3,
2008-12-30,873.7,
2008-12-31,882.05,
2009-01-01,879.45,
2009-01-02,875.4,
2009-01-03,875.4,
2009-01-04,875.4,
2009-01-05,859.5,
2009-01-06,863.9,
2009-01-07,842.95,
2009-01-08,857.4,
2009-01-09,854.2,
2009-01-10,854.2,
2009-01-11,854.2,
2009-01-12,820.85,
2009-01-13,822,
2009-01-14,811.7,
2009-01-15,817.8,
2009-01-16,843.15,
2009-01-17,843.15,
2009-01-18,843.15,
2009-01-19,835.9,
2009-01-20,857.25,
2009-01-21,854.25,
2009-01-22,857,
2009-01-23,899.75,
2009-01-24,899.75,
2009-01-25,899.75,
2009-01-26,903.35,
2009-01-27,899.22,
2009-01-28,887.55,
2009-01-29,908.65,
2009-01-30,927.85,
2009-01-31,927.85,
2009-02-01,927.85,
2009-02-02,905.49,
2009-02-03,900.35,
2009-02-04,905.75,
2009-02-05,914.55,
2009-02-06,911.5,
2009-02-07,911.5,
2009-02-08,911.5,
2009-02-09,894.55,
2009-02-10,915.1,
2009-02-11,938.99,
2009-02-12,946.75,
2009-02-13,941.7,
2009-02-14,941.7,
2009-02-15,941.7,
2009-02-16,941.75,
2009-02-17,970.25,
2009-02-18,984.9,
2009-02-19,974.65,
2009-02-20,992.9,
2009-02-21,992.9,
2009-02-22,992.9,
2009-02-23,991.75,
2009-02-24,962.67,
2009-02-25,953.83,
2009-02-26,946.2,
2009-02-27,942.35,
2009-02-28,942.35,
2009-03-01,942.35,
2009-03-02,926.1,
2009-03-03,916.28,
2009-03-04,906.5,
2009-03-05,932.4,
2009-03-06,939.35,
2009-03-07,939.35,
2009-03-08,939.35,
2009-03-09,921.97,
2009-03-10,898.15,
2009-03-11,909.4,
2009-03-12,926.63,
2009-03-13,929.75,
2009-03-14,929.75,
2009-03-15,929.75,
2009-03-16,923.15,
2009-03-17,915.4,
2009-03-18,942,
2009-03-19,959.85,
2009-03-20,952.2,
2009-03-21,952.2,
2009-03-22,952.2,
2009-03-23,939.5,
2009-03-24,925.87,
2009-03-25,934.02,
2009-03-26,934.1,
2009-03-27,923.15,
2009-03-28,923.15,
2009-03-29,923.15,
2009-03-30,915.84,
2009-03-31,919.15,
2009-04-01,927.4,
2009-04-02,904.05,
2009-04-03,893.15,
2009-04-04,893.15,
2009-04-05,893.15,
2009-04-06,868.9,
2009-04-07,881.24,
2009-04-08,880.5,
2009-04-09,879.35,
2009-04-10,881.65,
2009-04-11,881.65,
2009-04-12,881.65,
2009-04-13,893.85,
2009-04-14,890.72,
2009-04-15,891.05,
2009-04-16,875.7,
2009-04-17,868.8,
2009-04-18,868.8,
2009-04-19,868.8,
2009-04-20,884.5,
2009-04-21,883.8,
2009-04-22,889.75,
2009-04-23,904.3,
2009-04-24,913.2,
2009-04-25,913.2,
2009-04-26,913.2,
2009-04-27,906.5,
2009-04-28,893.38,
2009-04-29,898,
2009-04-30,888.2,
2009-05-01,886.55,
2009-05-02,886.55,
2009-05-03,886.55,
2009-05-04,902.1,
2009-05-05,897.15,
2009-05-06,911.22,
2009-05-07,910.7,
2009-05-08,916.65,
2009-05-09,916.65,
2009-05-10,916.65,
2009-05-11,913.33,
2009-05-12,923.35,
2009-05-13,926.3,
2009-05-14,926.5,
2009-05-15,931.8,
2009-05-16,931.8,
2009-05-17,931.8,
2009-05-18,918.25,
2009-05-19,925.05,
2009-05-20,938.65,
2009-05-21,953.8,
2009-05-22,957.35,
2009-05-23,957.35,
2009-05-24,957.35,
2009-05-25,958.8,
2009-05-26,952,
2009-05-27,949.9,
2009-05-28,959.45,
2009-05-29,979.15,
2009-05-30,979.15,
2009-05-31,979.15,
2009-06-01,975.27,
2009-06-02,981.85,
2009-06-03,963.07,
2009-06-04,980.25,
2009-06-05,955.25,
2009-06-06,955.25,
2009-06-07,955.25,
2009-06-08,951.82,
2009-06-09,954.78,
2009-06-10,954.49,
2009-06-11,953.95,
2009-06-12,939.3,
2009-06-13,939.3,
2009-06-14,939.3,
2009-06-15,928.3,
2009-06-16,934.8,
2009-06-17,938.87,
2009-06-18,933.06,
2009-06-19,934.05,
2009-06-20,934.05,
2009-06-21,934.05,
2009-06-22,922.7,
2009-06-23,925.83,
2009-06-24,931.4,
2009-06-25,939.25,
2009-06-26,939.6,
2009-06-27,939.6,
2009-06-28,939.6,
2009-06-29,937.95,
2009-06-30,926.6,
2009-07-01,940.8,
2009-07-02,929.8,
2009-07-03,932.25,
2009-07-04,932.25,
2009-07-05,932.25,
2009-07-06,924.95,
2009-07-07,924.68,
2009-07-08,909.5,
2009-07-09,912.35,
2009-07-10,913.05,
2009-07-11,913.05,
2009-07-12,913.05,
2009-07-13,920.3,
2009-07-14,925.7,
2009-07-15,939.2,
2009-07-16,937.34,
2009-07-17,937.5,
2009-07-18,937.5,
2009-07-19,937.5,
2009-07-20,948.7,
2009-07-21,948.5,
2009-07-22,951.4,
2009-07-23,949.15,
2009-07-24,951.35,
2009-07-25,951.35,
2009-07-26,951.35,
2009-07-27,953.84,
2009-07-28,937.5,
2009-07-29,930,
2009-07-30,934.4,
2009-07-31,954,
2009-08-01,954,
2009-08-02,954,
2009-08-03,956.8,
2009-08-04,966.95,
2009-08-05,963.45,
2009-08-06,963.25,
2009-08-07,954.95,
2009-08-08,954.95,
2009-08-09,954.95,
2009-08-10,946.3,
2009-08-11,946.1,
2009-08-12,947.1,
2009-08-13,954.95,
2009-08-14,948.55,
2009-08-15,948.55,
2009-08-16,948.55,
2009-08-17,934.55,
2009-08-18,938.6,
2009-08-19,942.05,
2009-08-20,940.65,
2009-08-21,953.85,
2009-08-22,953.85,
2009-08-23,953.85,
2009-08-24,941.55,
2009-08-25,944.75,
2009-08-26,945.55,
2009-08-27,948.15,
2009-08-28,955,
2009-08-29,955,
2009-08-30,955,
2009-08-31,951.25,
2009-09-01,956.35,
2009-09-02,978.5,
2009-09-03,991.85,
2009-09-04,994.4,
2009-09-05,994.4,
2009-09-06,994.4,
2009-09-07,995.25,
2009-09-08,995.4,
2009-09-09,992.3,
2009-09-10,996.6,
2009-09-11,1005.2,
2009-09-12,1005.2,
2009-09-13,1005.2,
2009-09-14,1000.2,
2009-09-15,1007.55,
2009-09-16,1017.3,
2009-09-17,1013.6,
2009-09-18,1007.6,
2009-09-19,1007.6,
2009-09-20,1007.6,
2009-09-21,1003.7,
2009-09-22,1014.4,
2009-09-23,1008.4,
2009-09-24,994.1,
2009-09-25,991,
2009-09-26,991,
2009-09-27,991,
2009-09-28,991.05,
2009-09-29,992.4,
2009-09-30,1007.7,
2009-10-01,999.2,
2009-10-02,1002.8,
2009-10-03,1002.8,
2009-10-04,1002.8,
2009-10-05,1017.3,
2009-10-06,1042.1,
2009-10-07,1044.2,
2009-10-08,1055.1,
2009-10-09,1049.25,
2009-10-10,1049.25,
2009-10-11,1049.25,
2009-10-12,1057.1,
2009-10-13,1064.3,
2009-10-14,1062.4,
2009-10-15,1050.2,
2009-10-16,1053.6,
2009-10-17,1053.6,
2009-10-18,1053.6,
2009-10-19,1064.2,
2009-10-20,1055.2,
2009-10-21,1059,
2009-10-22,1060.1,
2009-10-23,1055.4,
2009-10-24,1055.4,
2009-10-25,1055.4,
2009-10-26,1038.5,
2009-10-27,1040.05,
2009-10-28,1028.1,
2009-10-29,1047,
2009-10-30,1045.4,
2009-10-31,1045.4,
2009-11-01,1045.4,
2009-11-02,1059.5,
2009-11-03,1084.4,
2009-11-04,1092.2,
2009-11-05,1090.3,
2009-11-06,1095.1,
2009-11-07,1095.1,
2009-11-08,1095.1,
2009-11-09,1103.8,
2009-11-10,1105.8,
2009-11-11,1117.4,
2009-11-12,1103.8,
2009-11-13,1118.7,
2009-11-14,1118.7,
2009-11-15,1118.7,
2009-11-16,1139.2,
2009-11-17,1141.3,
2009-11-18,1145.5,
2009-11-19,1144.6,
2009-11-20,1150.6,
2009-11-21,1150.6,
2009-11-22,1150.6,
2009-11-23,1166.1,
2009-11-24,1169.4,
2009-11-25,1191.8,
2009-11-26,1188.38,
2009-11-27,1177.63,
2009-11-28,1177.63,
2009-11-29,1177.63,
2009-11-30,1179.6,
2009-12-01,1196.6,
2009-12-02,1215.7,
2009-12-03,1207.6,
2009-12-04,1161.4,
2009-12-05,1161.4,
2009-12-06,1161.4,
2009-12-07,1158.1,
2009-12-08,1128.4,
2009-12-09,1128.6,
2009-12-10,1131,
2009-12-11,1115.4,
2009-12-12,1115.4,
2009-12-13,1115.4,
2009-12-14,1126.7,
2009-12-15,1125.2,
2009-12-16,1137.9,
2009-12-17,1098.9,
2009-12-18,1113.2,
2009-12-19,1113.2,
2009-12-20,1113.2,
2009-12-21,1093.4,
2009-12-22,1084,
2009-12-23,1087.55,
2009-12-24,1105.4,
2009-12-25,1105.45,
2009-12-26,1105.45,
2009-12-27,1105.45,
2009-12-28,1107.3,
2009-12-29,1096.83,
2009-12-30,1092.9,
2009-12-31,1096.95,
2010-01-01,1097.32,
2010-01-02,1097.32,
2010-01-03,1097.32,
2010-01-04,1121.2,
2010-01-05,1118,
2010-01-06,1138.4,
2010-01-07,1131.6,
2010-01-08,1138.25,
2010-01-09,1138.25,
2010-01-10,1138.25,
2010-01-11,1151.85,
2010-01-12,1128.5,
2010-01-13,1138.2,
2010-01-14,1142.85,
2010-01-15,1130.93,
2010-01-16,1130.93,
2010-01-17,1130.93,
2010-01-18,1133.6,
2010-01-19,1138.2,
2010-01-20,1111.05,
2010-01-21,1093.95,
2010-01-22,1093.2,
2010-01-23,1093.2,
2010-01-24,1093.2,
2010-01-25,1098.4,
2010-01-26,1097.55,
2010-01-27,1087.9,
2010-01-28,1087.1,
2010-01-29,1080.85,
2010-01-30,1080.85,
2010-01-31,1080.85,
2010-02-01,1105.5,
2010-02-02,1114.45,
2010-02-03,1109.8,
2010-02-04,1063.7,
2010-02-05,1066.3,
2010-02-06,1066.3,
2010-02-07,1066.3,
2010-02-08,1062.85,
2010-02-09,1078.09,
2010-02-10,1072.1,
2010-02-11,1095.4,
2010-02-12,1093.38,
2010-02-13,1093.38,
2010-02-14,1093.38,
2010-02-15,1101.1,
2010-02-16,1119.45,
2010-02-17,1106.81,
2010-02-18,1108.7,
2010-02-19,1119.2,
2010-02-20,1119.2,
2010-02-21,1119.2,
2010-02-22,1114.25,
2010-02-23,1103.4,
2010-02-24,1097.75,
2010-02-25,1106.35,
2010-02-26,1117.6,
2010-02-27,1117.6,
2010-02-28,1117.6,
2010-03-01,1118.99,
2010-03-02,1134.7,
2010-03-03,1139.9,
2010-03-04,1132.2,
2010-03-05,1134.65,
2010-03-06,1134.65,
2010-03-07,1134.65,
2010-03-08,1123.55,
2010-03-09,1121.85,
2010-03-10,1108.41,
2010-03-11,1109.5,
2010-03-12,1101.9,
2010-03-13,1101.9,
2010-03-14,1101.9,
2010-03-15,1108.45,
2010-03-16,1127.7,
2010-03-17,1120.35,
2010-03-18,1127.35,
2010-03-19,1107,
2010-03-20,1107,
2010-03-21,1107,
2010-03-22,1102.25,
2010-03-23,1105.15,
2010-03-24,1086.65,
2010-03-25,1090.5,
2010-03-26,1107.5,
2010-03-27,1107.5,
2010-03-28,1107.5,
2010-03-29,1109.72,
2010-03-30,1103.6,
2010-03-31,1113.25,
2010-04-01,1126.8,
2010-04-02,1119.8,
2010-04-03,1119.8,
2010-04-04,1119.8,
2010-04-05,1131.9,
2010-04-06,1134.3,
2010-04-07,1149.35,
2010-04-08,1150.55,
2010-04-09,1162,
2010-04-10,1162,
2010-04-11,1162,
2010-04-12,1156.2,
2010-04-13,1150.65,
2010-04-14,1155.35,
2010-04-15,1159.25,
2010-04-16,1137.4,
2010-04-17,1137.4,
2010-04-18,1137.4,
2010-04-19,1135.75,
2010-04-20,1140.75,
2010-04-21,1146.75,
2010-04-22,1141.5,
2010-04-23,1157.6,
2010-04-24,1157.6,
2010-04-25,1157.6,
2010-04-26,1153.5,
2010-04-27,1167.85,
2010-04-28,1165.7,
2010-04-29,1166.85,
2010-04-30,1179.2,
2010-05-01,1179.2,
2010-05-02,1179.2,
2010-05-03,1182.18,
2010-05-04,1171.28,
2010-05-05,1175.28,
2010-05-06,1208.57,
2010-05-07,1208.4,
2010-05-08,1208.4,
2010-05-09,1208.4,
2010-05-10,1203.1,
2010-05-11,1232.88,
2010-05-12,1238.93,
2010-05-13,1232.7,
2010-05-14,1233.18,
2010-05-15,1233.18,
2010-05-16,1233.18,
2010-05-17,1222.45,
2010-05-18,1225.15,
2010-05-19,1193.75,
2010-05-20,1182.35,
2010-05-21,1177.1,
2010-05-22,1177.1,
2010-05-23,1177.1,
2010-05-24,1191.65,
2010-05-25,1204.25,
2010-05-26,1211.8,
2010-05-27,1212.65,
2010-05-28,1214.38,
2010-05-29,1214.38,
2010-05-30,1214.38,
2010-05-31,1216.2,
2010-06-01,1225.65,
2010-06-02,1223.45,
2010-06-03,1206.65,
2010-06-04,1219.9,
2010-06-05,1219.9,
2010-06-06,1219.9,
2010-06-07,1240.25,
2010-06-08,1236.55,
2010-06-09,1233.5,
2010-06-10,1216.55,
2010-06-11,1226.7,
2010-06-12,1226.7,
2010-06-13,1226.7,
2010-06-14,1221.25,
2010-06-15,1234.15,
2010-06-16,1229,
2010-06-17,1245.15,
2010-06-18,1256.8,
2010-06-19,1256.8,
2010-06-20,1256.8,
2010-06-21,1233.7,
2010-06-22,1240.05,
2010-06-23,1237.35,
2010-06-24,1243.45,
2010-06-25,1255.6,
2010-06-26,1255.6,
2010-06-27,1255.6,
2010-06-28,1238.95,
2010-06-29,1240.65,
2010-06-30,1242.25,
2010-07-01,1198.95,
2010-07-02,1211.6,
2010-07-03,1211.6,
2010-07-04,1211.6,
2010-07-05,1209.27,
2010-07-06,1192.63,
2010-07-07,1202.75,
2010-07-08,1198.1,
2010-07-09,1211.6,
2010-07-10,1211.6,
2010-07-11,1211.6,
2010-07-12,1196.85,
2010-07-13,1212.35,
2010-07-14,1208.3,
2010-07-15,1208.25,
2010-07-16,1193,
2010-07-17,1193,
2010-07-18,1193,
2010-07-19,1182.95,
2010-07-20,1192.05,
2010-07-21,1185.05,
2010-07-22,1194.95,
2010-07-23,1189.2,
2010-07-24,1189.2,
2010-07-25,1189.2,
2010-07-26,1183.55,
2010-07-27,1161.6,
2010-07-28,1163.6,
2010-07-29,1168.25,
2010-07-30,1181,
2010-07-31,1181,
2010-08-01,1181,
2010-08-02,1182.85,
2010-08-03,1186.15,
2010-08-04,1194.95,
2010-08-05,1194.95,
2010-08-06,1205.4,
2010-08-07,1205.4,
2010-08-08,1205.4,
2010-08-09,1201.35,
2010-08-10,1204.25,
2010-08-11,1198.1,
2010-08-12,1213.85,
2010-08-13,1215.5,
2010-08-14,1215.5,
2010-08-15,1215.5,
2010-08-16,1225.15,
2010-08-17,1224.85,
2010-08-18,1229.45,
2010-08-19,1232.15,
2010-08-20,1227.8,
2010-08-21,1227.8,
2010-08-22,1227.8,
2010-08-23,1226.15,
2010-08-24,1230.65,
2010-08-25,1240.05,
2010-08-26,1237.6,
2010-08-27,1238.1,
2010-08-28,1238.1,
2010-08-29,1238.1,
2010-08-30,1236.97,
2010-08-31,1247.45,
2010-09-01,1244.3,
2010-09-02,1250.95,
2010-09-03,1246.75,
2010-09-04,1246.75,
2010-09-05,1246.75,
2010-09-06,1250.05,
2010-09-07,1255.55,
2010-09-08,1254.95,
2010-09-09,1243.65,
2010-09-10,1246.25,
2010-09-11,1246.25,
2010-09-12,1246.25,
2010-09-13,1245.6,
2010-09-14,1268.15,
2010-09-15,1268.05,
2010-09-16,1275.25,
2010-09-17,1274.3,
2010-09-18,1274.3,
2010-09-19,1274.3,
2010-09-20,1278.35,
2010-09-21,1287.15,
2010-09-22,1291.35,
2010-09-23,1292.45,
2010-09-24,1295.95,
2010-09-25,1295.95,
2010-09-26,1295.95,
2010-09-27,1294.35,
2010-09-28,1309.05,
2010-09-29,1309.85,
2010-09-30,1308.35,
2010-10-01,1319.1,
2010-10-02,1319.1,
2010-10-03,1319.1,
2010-10-04,1315.25,
2010-10-05,1340.65,
2010-10-06,1349.05,
2010-10-07,1333.55,
2010-10-08,1346.74,
2010-10-09,1346.74,
2010-10-10,1346.74,
2010-10-11,1354.05,
2010-10-12,1350.35,
2010-10-13,1372.15,
2010-10-14,1381.15,
2010-10-15,1368.4,
2010-10-16,1368.4,
2010-10-17,1368.4,
2010-10-18,1368.45,
2010-10-19,1332.05,
2010-10-20,1346.25,
2010-10-21,1325.68,
2010-10-22,1328.45,
2010-10-23,1328.45,
2010-10-24,1328.45,
2010-10-25,1339.85,
2010-10-26,1340.45,
2010-10-27,1325.35,
2010-10-28,1344.05,
2010-10-29,1359.4,
2010-10-30,1359.4,
2010-10-31,1359.4,
2010-11-01,1353.85,
2010-11-02,1357.45,
2010-11-03,1348.55,
2010-11-04,1392.5,
2010-11-05,1393.65,
2010-11-06,1393.65,
2010-11-07,1393.65,
2010-11-08,1409.55,
2010-11-09,1392.9,
2010-11-10,1403.9,
2010-11-11,1408.65,
2010-11-12,1368.75,
2010-11-13,1368.75,
2010-11-14,1368.75,
2010-11-15,1360.6,
2010-11-16,1339.7,
2010-11-17,1336,
2010-11-18,1353.07,
2010-11-19,1352.93,
2010-11-20,1352.93,
2010-11-21,1352.93,
2010-11-22,1363.5,
2010-11-23,1376.9,
2010-11-24,1375,
2010-11-25,1375.9,
2010-11-26,1365.2,
2010-11-27,1365.2,
2010-11-28,1365.2,
2010-11-29,1366.9,
2010-11-30,1386.02,
2010-12-01,1387.9,
2010-12-02,1386.7,
2010-12-03,1414.07,
2010-12-04,1414.07,
2010-12-05,1414.07,
2010-12-06,1423.75,
2010-12-07,1402.05,
2010-12-08,1382.07,
2010-12-09,1387.1,
2010-12-10,1386,
2010-12-11,1386,
2010-12-12,1386,
2010-12-13,1394.18,
2010-12-14,1396.25,
2010-12-15,1380.82,
2010-12-16,1370.28,
2010-12-17,1375.45,
2010-12-18,1375.45,
2010-12-19,1375.45,
2010-12-20,1385.25,
2010-12-21,1385.6,
2010-12-22,1385.35,
2010-12-23,1380.1,
2010-12-24,1381.47,
2010-12-25,1381.47,
2010-12-26,1381.47,
2010-12-27,1383.75,
2010-12-28,1405.9,
2010-12-29,1411.75,
2010-12-30,1404.68,
2010-12-31,1420.78,
2011-01-01,1420.78,
2011-01-02,1420.78,
2011-01-03,1414.8,
2011-01-04,1380.72,
2011-01-05,1378.32,
2011-01-06,1371.6,
2011-01-07,1369.57,
2011-01-08,1369.57,
2011-01-09,1369.57,
2011-01-10,1375.68,
2011-01-11,1381.53,
2011-01-12,1387.85,
2011-01-13,1373.78,
2011-01-14,1361.72,
2011-01-15,1361.72,
2011-01-16,1361.72,
2011-01-17,1362.65,
2011-01-18,1368.25,
2011-01-19,1369.93,
2011-01-20,1346.28,
2011-01-21,1342.68,
2011-01-22,1342.68,
2011-01-23,1342.68,
2011-01-24,1334.35,
2011-01-25,1332.32,
2011-01-26,1345.85,
2011-01-27,1313.93,
2011-01-28,1336.75,
2011-01-29,1336.75,
2011-01-30,1336.75,
2011-01-31,1332.8,
2011-02-01,1338.1,
2011-02-02,1335.32,
2011-02-03,1354.35,
2011-02-04,1348.85,
2011-02-05,1348.85,
2011-02-06,1348.85,
2011-02-07,1351.3,
2011-02-08,1364.03,
2011-02-09,1363.65,
2011-02-10,1363.8,
2011-02-11,1357.05,
2011-02-12,1357.05,
2011-02-13,1357.05,
2011-02-14,1361.85,
2011-02-15,1373.8,
2011-02-16,1374.43,
2011-02-17,1384.1,
2011-02-18,1389.53,
2011-02-19,1389.53,
2011-02-20,1389.53,
2011-02-21,1406.45,
2011-02-22,1399.13,
2011-02-23,1411.7,
2011-02-24,1402.88,
2011-02-25,1410.6,
2011-02-26,1410.6,
2011-02-27,1410.6,
2011-02-28,1411.48,
2011-03-01,1433.28,
2011-03-02,1434.5,
2011-03-03,1416,
2011-03-04,1430.9,
2011-03-05,1430.9,
2011-03-06,1430.9,
2011-03-07,1432.05,
2011-03-08,1428.95,
2011-03-09,1430.97,
2011-03-10,1411.8,
2011-03-11,1417.45,
2011-03-12,1417.45,
2011-03-13,1417.45,
2011-03-14,1426.4,
2011-03-15,1395.7,
2011-03-16,1398.88,
2011-03-17,1403.72,
2011-03-18,1418.9,
2011-03-19,1418.9,
2011-03-20,1418.9,
2011-03-21,1427.68,
2011-03-22,1427.65,
2011-03-23,1437.4,
2011-03-24,1430.65,
2011-03-25,1429.74,
2011-03-26,1429.74,
2011-03-27,1429.74,
2011-03-28,1420.4,
2011-03-29,1418.5,
2011-03-30,1423.02,
2011-03-31,1432.3,
2011-04-01,1428.8,
2011-04-02,1428.8,
2011-04-03,1428.8,
2011-04-04,1433.95,
2011-04-05,1455.73,
2011-04-06,1459.7,
2011-04-07,1458.07,
2011-04-08,1474.93,
2011-04-09,1474.93,
2011-04-10,1474.93,
2011-04-11,1463.15,
2011-04-12,1453.1,
2011-04-13,1457.3,
2011-04-14,1474.18,
2011-04-15,1486.7,
2011-04-16,1486.7,
2011-04-17,1486.7,
2011-04-18,1495.3,
2011-04-19,1496.32,
2011-04-20,1502.55,
2011-04-21,1506.25,
2011-04-22,1506.85,
2011-04-23,1506.85,
2011-04-24,1506.85,
2011-04-25,1507.23,
2011-04-26,1506.3,
2011-04-27,1527.35,
2011-04-28,1536.2,
2011-04-29,1563.7,
2011-04-30,1563.7,
2011-05-01,1563.7,
2011-05-02,1545.35,
2011-05-03,1535.97,
2011-05-04,1516.32,
2011-05-05,1474.3,
2011-05-06,1495.6,
2011-05-07,1495.6,
2011-05-08,1495.6,
2011-05-09,1513.75,
2011-05-10,1516.28,
2011-05-11,1501.2,
2011-05-12,1505.9,
2011-05-13,1495.02,
2011-05-14,1495.02,
2011-05-15,1495.02,
2011-05-16,1489.3,
2011-05-17,1486.8,
2011-05-18,1497.15,
2011-05-19,1493.35,
2011-05-20,1512.3,
2011-05-21,1512.3,
2011-05-22,1512.3,
2011-05-23,1517.03,
2011-05-24,1526.63,
2011-05-25,1525.32,
2011-05-26,1519.15,
2011-05-27,1536.4,
2011-05-28,1536.4,
2011-05-29,1536.4,
2011-05-30,1537.15,
2011-05-31,1535.8,
2011-06-01,1539.8,
2011-06-02,1533.57,
2011-06-03,1541.95,
2011-06-04,1541.95,
2011-06-05,1541.95,
2011-06-06,1544.65,
2011-06-07,1544.15,
2011-06-08,1537.65,
2011-06-09,1544.1,
2011-06-10,1531.65,
2011-06-11,1531.65,
2011-06-12,1531.65,
2011-06-13,1516.1,
2011-06-14,1523.78,
2011-06-15,1530.88,
2011-06-16,1529.8,
2011-06-17,1539.45,
2011-06-18,1539.45,
2011-06-19,1539.45,
2011-06-20,1540.7,
2011-06-21,1546.3,
2011-06-22,1548.95,
2011-06-23,1521.4,
2011-06-24,1502.65,
2011-06-25,1502.65,
2011-06-26,1502.65,
2011-06-27,1498.05,
2011-06-28,1501.4,
2011-06-29,1512.3,
2011-06-30,1500.35,
2011-07-01,1487.78,
2011-07-02,1487.78,
2011-07-03,1487.78,
2011-07-04,1497.07,
2011-07-05,1515.65,
2011-07-06,1528.9,
2011-07-07,1532.38,
2011-07-08,1544.15,
2011-07-09,1544.15,
2011-07-10,1544.15,
2011-07-11,1553.47,
2011-07-12,1567.7,
2011-07-13,1582.38,
2011-07-14,1587.3,
2011-07-15,1593.55,
2011-07-16,1593.55,
2011-07-17,1593.55,
2011-07-18,1604.85,
2011-07-19,1588.45,
2011-07-20,1600.5,
2011-07-21,1590.7,
2011-07-22,1601.27,
2011-07-23,1601.27,
2011-07-24,1601.27,
2011-07-25,1614.15,
2011-07-26,1619.3,
2011-07-27,1613.65,
2011-07-28,1615.95,
2011-07-29,1627.88,
2011-07-30,1627.88,
2011-07-31,1627.88,
2011-08-01,1619,
2011-08-02,1661.18,
2011-08-03,1661.75,
2011-08-04,1646.53,
2011-08-05,1663.8,
2011-08-06,1663.8,
2011-08-07,1663.8,
2011-08-08,1719.53,
2011-08-09,1740.4,
2011-08-10,1793.05,
2011-08-11,1764.1,
2011-08-12,1746.9,
2011-08-13,1746.9,
2011-08-14,1746.9,
2011-08-15,1765.85,
2011-08-16,1785.7,
2011-08-17,1791.25,
2011-08-18,1823.8,
2011-08-19,1852.1,
2011-08-20,1852.1,
2011-08-21,1852.1,
2011-08-22,1897.6,
2011-08-23,1828.35,
2011-08-24,1759.32,
2011-08-25,1774.15,
2011-08-26,1827.95,
2011-08-27,1827.95,
2011-08-28,1827.95,
2011-08-29,1788.43,
2011-08-30,1835.43,
2011-08-31,1825.72,
2011-09-01,1826.15,
2011-09-02,1882.88,
2011-09-03,1882.88,
2011-09-04,1882.88,
2011-09-05,1900.23,
2011-09-06,1875.4,
2011-09-07,1817.47,
2011-09-08,1870.18,
2011-09-09,1855.7,
2011-09-10,1855.7,
2011-09-11,1855.7,
2011-09-12,1815.3,
2011-09-13,1833.6,
2011-09-14,1819.63,
2011-09-15,1788.57,
2011-09-16,1811.88,
2011-09-17,1811.88,
2011-09-18,1811.88,
2011-09-19,1778.68,
2011-09-20,1803.63,
2011-09-21,1782.35,
2011-09-22,1740.13,
2011-09-23,1656.8,
2011-09-24,1656.8,
2011-09-25,1656.8,
2011-09-26,1626.35,
2011-09-27,1650.13,
2011-09-28,1608.8,
2011-09-29,1614.4,
2011-09-30,1623.97,
2011-10-01,1623.97,
2011-10-02,1623.97,
2011-10-03,1658.32,
2011-10-04,1623.95,
2011-10-05,1641.05,
2011-10-06,1651.43,
2011-10-07,1637.85,
2011-10-08,1637.85,
2011-10-09,1637.85,
2011-10-10,1676.55,
2011-10-11,1662.4,
2011-10-12,1676.03,
2011-10-13,1668.14,
2011-10-14,1680.73,
2011-10-15,1680.73,
2011-10-16,1680.73,
2011-10-17,1670.85,
2011-10-18,1657.85,
2011-10-19,1640.75,
2011-10-20,1620.8,
2011-10-21,1642.38,
2011-10-22,1642.38,
2011-10-23,1642.38,
2011-10-24,1653.48,
2011-10-25,1705.53,
2011-10-26,1724.82,
2011-10-27,1744.85,
2011-10-28,1743.75,
2011-10-29,1743.75,
2011-10-30,1743.75,
2011-10-31,1714.85,
2011-11-01,1719.9,
2011-11-02,1738.6,
2011-11-03,1763.82,
2011-11-04,1754.65,
2011-11-05,1754.65,
2011-11-06,1754.65,
2011-11-07,1795.1,
2011-11-08,1786.3,
2011-11-09,1769.95,
2011-11-10,1758.4,
2011-11-11,1788.68,
2011-11-12,1788.68,
2011-11-13,1788.68,
2011-11-14,1780.43,
2011-11-15,1780.82,
2011-11-16,1763.38,
2011-11-17,1721.78,
2011-11-18,1723.95,
2011-11-19,1723.95,
2011-11-20,1723.95,
2011-11-21,1677.32,
2011-11-22,1699.82,
2011-11-23,1692.27,
2011-11-24,1694.32,
2011-11-25,1683.53,
2011-11-26,1683.53,
2011-11-27,1683.53,
2011-11-28,1712.35,
2011-11-29,1715.72,
2011-11-30,1746.38,
2011-12-01,1744.82,
2011-12-02,1746.75,
2011-12-03,1746.75,
2011-12-04,1746.75,
2011-12-05,1723,
2011-12-06,1728.2,
2011-12-07,1741.8,
2011-12-08,1708.38,
2011-12-09,1711.6,
2011-12-10,1711.6,
2011-12-11,1711.6,
2011-12-12,1666.57,
2011-12-13,1631.57,
2011-12-14,1574.05,
2011-12-15,1570.52,
2011-12-16,1598.95,
2011-12-17,1598.95,
2011-12-18,1598.95,
2011-12-19,1594.27,
2011-12-20,1615.9,
2011-12-21,1615.23,
2011-12-22,1605.55,
2011-12-23,1606.35,
2011-12-24,1606.35,
2011-12-25,1606.35,
2011-12-26,1606.95,
2011-12-27,1593.22,
2011-12-28,1555.43,
2011-12-29,1545.97,
2011-12-30,1563.7,
2011-12-31,1563.7,
2012-01-01,1563.7,
2012-01-02,1566.27,
2012-01-03,1603.5,
2012-01-04,1611.6,
2012-01-05,1622.72,
2012-01-06,1617.95,
2012-01-07,1617.95,
2012-01-08,1617.95,
2012-01-09,1611.57,
2012-01-10,1632.35,
2012-01-11,1641.97,
2012-01-12,1650.25,
2012-01-13,1639,
2012-01-14,1639,
2012-01-15,1639,
2012-01-16,1643.8,
2012-01-17,1652.05,
2012-01-18,1659.95,
2012-01-19,1658.35,
2012-01-20,1666.65,
2012-01-21,1666.65,
2012-01-22,1666.65,
2012-01-23,1677.18,
2012-01-24,1665.68,
2012-01-25,1710.57,
2012-01-26,1720.65,
2012-01-27,1739.07,
2012-01-28,1739.07,
2012-01-29,1739.07,
2012-01-30,1730.07,
2012-01-31,1737.6,
2012-02-01,1743.4,
2012-02-02,1759.48,
2012-02-03,1726.25,
2012-02-04,1726.25,
2012-02-05,1726.25,
2012-02-06,1720.35,
2012-02-07,1745.48,
2012-02-08,1733.2,
2012-02-09,1729.4,
2012-02-10,1722,
2012-02-11,1722,
2012-02-12,1722,
2012-02-13,1722.27,
2012-02-14,1720.18,
2012-02-15,1728.15,
2012-02-16,1728.07,
2012-02-17,1723.38,
2012-02-18,1723.38,
2012-02-19,1723.38,
2012-02-20,1734.95,
2012-02-21,1759.13,
2012-02-22,1776.22,
2012-02-23,1780.68,
2012-02-24,1772.45,
2012-02-25,1772.45,
2012-02-26,1772.45,
2012-02-27,1767.68,
2012-02-28,1784.23,
2012-02-29,1696.85,
2012-03-01,1718.28,
2012-03-02,1712.6,
2012-03-03,1712.6,
2012-03-04,1712.6,
2012-03-05,1706.5,
2012-03-06,1674.32,
2012-03-07,1684.98,
2012-03-08,1699.77,
2012-03-09,1713.65,
2012-03-10,1713.65,
2012-03-11,1713.65,
2012-03-12,1701.32,
2012-03-13,1674.1,
2012-03-14,1644.88,
2012-03-15,1658.43,
2012-03-16,1660,
2012-03-17,1660,
2012-03-18,1660,
2012-03-19,1664.52,
2012-03-20,1650.77,
2012-03-21,1650.43,
2012-03-22,1645.9,
2012-03-23,1661.9,
2012-03-24,1661.9,
2012-03-25,1661.9,
2012-03-26,1690.07,
2012-03-27,1680.77,
2012-03-28,1663.68,
2012-03-29,1661.57,
2012-03-30,1668.35,
2012-03-31,1668.35,
2012-04-01,1668.35,
2012-04-02,1677.68,
2012-04-03,1646.13,
2012-04-04,1620.77,
2012-04-05,1631.23,
2012-04-06,1636.43,
2012-04-07,1636.43,
2012-04-08,1636.43,
2012-04-09,1640.2,
2012-04-10,1659.93,
2012-04-11,1659.13,
2012-04-12,1675.77,
2012-04-13,1658.15,
2012-04-14,1658.15,
2012-04-15,1658.15,
2012-04-16,1651.88,
2012-04-17,1649.57,
2012-04-18,1642.1,
2012-04-19,1642.93,
2012-04-20,1642.93,
2012-04-21,1642.93,
2012-04-22,1642.93,
2012-04-23,1638.82,
2012-04-24,1642.27,
2012-04-25,1643.63,
2012-04-26,1657.43,
2012-04-27,1662.75,
2012-04-28,1662.75,
2012-04-29,1662.75,
2012-04-30,1664.75,
2012-05-01,1662.43,
2012-05-02,1653.5,
2012-05-03,1635.98,
2012-05-04,1642.22,
2012-05-05,1642.22,
2012-05-06,1642.22,
2012-05-07,1638.55,
2012-05-08,1605.47,
2012-05-09,1589.57,
2012-05-10,1594.02,
2012-05-11,1579.4,
2012-05-12,1579.4,
2012-05-13,1579.4,
2012-05-14,1556.72,
2012-05-15,1544.21,
2012-05-16,1539.57,
2012-05-17,1574.27,
2012-05-18,1592.99,
2012-05-19,1592.99,
2012-05-20,1592.99,
2012-05-21,1593.07,
2012-05-22,1568.5,
2012-05-23,1561.45,
2012-05-24,1559.25,
2012-05-25,1573.03,
2012-05-26,1573.03,
2012-05-27,1573.03,
2012-05-28,1580.94,
2012-05-29,1555.15,
2012-05-30,1563.38,
2012-05-31,1560.43,
2012-06-01,1624.1,
2012-06-02,1624.1,
2012-06-03,1624.1,
2012-06-04,1618.85,
2012-06-05,1617.05,
2012-06-06,1619.3,
2012-06-07,1589.4,
2012-06-08,1593.45,
2012-06-09,1593.45,
2012-06-10,1593.45,
2012-06-11,1596.77,
2012-06-12,1609.8,
2012-06-13,1617.05,
2012-06-14,1623.73,
2012-06-15,1627.1,
2012-06-16,1627.1,
2012-06-17,1627.1,
2012-06-18,1628.07,
2012-06-19,1618.52,
2012-06-20,1607.48,
2012-06-21,1566.28,
2012-06-22,1572.45,
2012-06-23,1572.45,
2012-06-24,1572.45,
2012-06-25,1584.48,
2012-06-26,1572.93,
2012-06-27,1574.2,
2012-06-28,1552.63,
2012-06-29,1597.4,
2012-06-30,1597.4,
2012-07-01,1597.4,
2012-07-02,1597.1,
2012-07-03,1617.35,
2012-07-04,1615.63,
2012-07-05,1604.68,
2012-07-06,1583.75,
2012-07-07,1583.75,
2012-07-08,1583.75,
2012-07-09,1587.68,
2012-07-10,1567.28,
2012-07-11,1576.4,
2012-07-12,1571.95,
2012-07-13,1589.68,
2012-07-14,1589.68,
2012-07-15,1589.68,
2012-07-16,1589.38,
2012-07-17,1583.4,
2012-07-18,1573.52,
2012-07-19,1581.43,
2012-07-20,1584.5,
2012-07-21,1584.5,
2012-07-22,1584.5,
2012-07-23,1576.95,
2012-07-24,1580.95,
2012-07-25,1604.45,
2012-07-26,1615.77,
2012-07-27,1622.9,
2012-07-28,1622.9,
2012-07-29,1622.9,
2012-07-30,1621.97,
2012-07-31,1614.3,
2012-08-01,1599.48,
2012-08-02,1588.63,
2012-08-03,1603.48,
2012-08-04,1603.48,
2012-08-05,1603.48,
2012-08-06,1610.5,
2012-08-07,1612.2,
2012-08-08,1612.13,
2012-08-09,1617.25,
2012-08-10,1620.2,
2012-08-11,1620.2,
2012-08-12,1620.2,
2012-08-13,1609.75,
2012-08-14,1599.05,
2012-08-15,1603.1,
2012-08-16,1615.1,
2012-08-17,1616.05,
2012-08-18,1616.05,
2012-08-19,1616.05,
2012-08-20,1620.5,
2012-08-21,1637.8,
2012-08-22,1654.65,
2012-08-23,1670.6,
2012-08-24,1670.55,
2012-08-25,1670.55,
2012-08-26,1670.55,
2012-08-27,1664.1,
2012-08-28,1666.9,
2012-08-29,1656.5,
2012-08-30,1655.6,
2012-08-31,1692.01,
2012-09-01,1692.01,
2012-09-02,1692.01,
2012-09-03,1692.5,
2012-09-04,1695.75,
2012-09-05,1693,
2012-09-06,1700.28,
2012-09-07,1735.65,
2012-09-08,1735.65,
2012-09-09,1735.65,
2012-09-10,1726.25,
2012-09-11,1732.2,
2012-09-12,1730.8,
2012-09-13,1767.04,
2012-09-14,1770.4,
2012-09-15,1770.4,
2012-09-16,1770.4,
2012-09-17,1761.45,
2012-09-18,1772,
2012-09-19,1770.4,
2012-09-20,1768.6,
2012-09-21,1773.1,
2012-09-22,1773.1,
2012-09-23,1773.1,
2012-09-24,1764.45,
2012-09-25,1760.65,
2012-09-26,1752.75,
2012-09-27,1777.25,
2012-09-28,1772.1,
2012-09-29,1772.1,
2012-09-30,1772.1,
2012-10-01,1775.3,
2012-10-02,1774.7,
2012-10-03,1778,
2012-10-04,1790.4,
2012-10-05,1780.6,
2012-10-06,1780.6,
2012-10-07,1780.6,
2012-10-08,1774.95,
2012-10-09,1764.3,
2012-10-10,1762.35,
2012-10-11,1767.35,
2012-10-12,1754.48,
2012-10-13,1754.48,
2012-10-14,1754.48,
2012-10-15,1737.55,
2012-10-16,1747.6,
2012-10-17,1750.15,
2012-10-18,1741.3,
2012-10-19,1721.75,
2012-10-20,1721.75,
2012-10-21,1721.75,
2012-10-22,1728.5,
2012-10-23,1707.65,
2012-10-24,1701.95,
2012-10-25,1712.1,
2012-10-26,1711.3,
2012-10-27,1711.3,
2012-10-28,1711.3,
2012-10-29,1709.35,
2012-10-30,1709.6,
2012-10-31,1720.65,
2012-11-01,1714.25,
2012-11-02,1678.1,
2012-11-03,1678.1,
2012-11-04,1678.1,
2012-11-05,1685,
2012-11-06,1716,
2012-11-07,1717.75,
2012-11-08,1731.45,
2012-11-09,1731.18,
2012-11-10,1731.18,
2012-11-11,1731.18,
2012-11-12,1728.2,
2012-11-13,1725,
2012-11-14,1726.35,
2012-11-15,1715.8,
2012-11-16,1713.75,
2012-11-17,1713.75,
2012-11-18,1713.75,
2012-11-19,1731.7,
2012-11-20,1727.3,
2012-11-21,1728.7,
2012-11-22,1729.55,
2012-11-23,1753,
2012-11-24,1753,
2012-11-25,1753,
2012-11-26,1748.65,
2012-11-27,1742.15,
2012-11-28,1719.75,
2012-11-29,1725.7,
2012-11-30,1714.8,
2012-12-01,1714.8,
2012-12-02,1714.8,
2012-12-03,1716,
2012-12-04,1697.55,
2012-12-05,1693.95,
2012-12-06,1699.9,
2012-12-07,1704.05,
2012-12-08,1704.05,
2012-12-09,1704.05,
2012-12-10,1712.95,
2012-12-11,1710.3,
2012-12-12,1711.65,
2012-12-13,1696.95,
2012-12-14,1696.1,
2012-12-15,1696.1,
2012-12-16,1696.1,
2012-12-17,1698.15,
2012-12-18,1671.1,
2012-12-19,1667.25,
2012-12-20,1647.7,
2012-12-21,1657.25,
2012-12-22,1657.25,
2012-12-23,1657.25,
2012-12-24,1657.48,
2012-12-25,1658.9,
2012-12-26,1659.75,
2012-12-27,1664.26,
2012-12-28,1655.85,
2012-12-29,1655.85,
2012-12-30,1655.85,
2012-12-31,1675.35,
2013-01-01,1665.16,
2013-01-02,1686.9,
2013-01-03,1663.95,
2013-01-04,1655.65,
2013-01-05,1655.65,
2013-01-06,1655.65,
2013-01-07,1646.95,
2013-01-08,1659.25,
2013-01-09,1657.75,
2013-01-10,1675.45,
2013-01-11,1662.8,
2013-01-12,1662.8,
2013-01-13,1662.8,
2013-01-14,1667.85,
2013-01-15,1679.45,
2013-01-16,1679.95,
2013-01-17,1687.55,
2013-01-18,1684.3,
2013-01-19,1684.3,
2013-01-20,1684.3,
2013-01-21,1690.05,
2013-01-22,1692.7,
2013-01-23,1685.85,
2013-01-24,1667.95,
2013-01-25,1658.7,
2013-01-26,1658.7,
2013-01-27,1658.7,
2013-01-28,1655.5,
2013-01-29,1663.8,
2013-01-30,1677.05,
2013-01-31,1663.65,
2013-02-01,1667.45,
2013-02-02,1667.45,
2013-02-03,1667.45,
2013-02-04,1673.7,
2013-02-05,1672.95,
2013-02-06,1677.7,
2013-02-07,1671.65,
2013-02-08,1667.2,
2013-02-09,1667.2,
2013-02-10,1667.2,
2013-02-11,1647.95,
2013-02-12,1651.15,
2013-02-13,1642.55,
2013-02-14,1634.75,
2013-02-15,1610.1,
2013-02-16,1610.1,
2013-02-17,1610.1,
2013-02-18,1610.05,
2013-02-19,1605.05,
2013-02-20,1564.55,
2013-02-21,1576.4,
2013-02-22,1581.4,
2013-02-23,1581.4,
2013-02-24,1581.4,
2013-02-25,1593.5,
2013-02-26,1613.85,
2013-02-27,1597.4,
2013-02-28,1579.58,
2013-03-01,1576.23,
2013-03-02,1576.23,
2013-03-03,1576.23,
2013-03-04,1573.77,
2013-03-05,1575.5,
2013-03-06,1583.9,
2013-03-07,1578.97,
2013-03-08,1578.8,
2013-03-09,1578.8,
2013-03-10,1578.8,
2013-03-11,1581.55,
2013-03-12,1592.8,
2013-03-13,1587.7,
2013-03-14,1590.2,
2013-03-15,1591.95,
2013-03-16,1591.95,
2013-03-17,1591.95,
2013-03-18,1605.63,
2013-03-19,1612.75,
2013-03-20,1606.83,
2013-03-21,1614.88,
2013-03-22,1608.58,
2013-03-23,1608.58,
2013-03-24,1608.58,
2013-03-25,1605.08,
2013-03-26,1600.04,
2013-03-27,1605.25,
2013-03-28,1596.82,
2013-03-29,1598.75,
2013-03-30,1598.75,
2013-03-31,1598.75,
2013-04-01,1599.52,
2013-04-02,1575.9,
2013-04-03,1557.95,
2013-04-04,1554.59,
2013-04-05,1581.15,
2013-04-06,1581.15,
2013-04-07,1581.15,
2013-04-08,1573.64,
2013-04-09,1585.34,
2013-04-10,1558.54,
2013-04-11,1561.45,
2013-04-12,1483,
2013-04-13,1483,
2013-04-14,1483,
2013-04-15,1347.95,
2013-04-16,1367.89,
2013-04-17,1376.5,
2013-04-18,1390.59,
2013-04-19,1390.59,
2013-04-20,1390.59,
2013-04-21,1390.59,
2013-04-22,1426.45,
2013-04-23,1413,
2013-04-24,1431.95,
2013-04-25,1467.88,
2013-04-26,1462.09,
2013-04-27,1462.09,
2013-04-28,1462.09,
2013-04-29,1475.93,
2013-04-30,1476.75,
2013-05-01,1457.58,
2013-05-02,1467.08,
2013-05-03,1470.75,
2013-05-04,1470.75,
2013-05-05,1470.75,
2013-05-06,1469.4,
2013-05-07,1452.73,
2013-05-08,1474.07,
2013-05-09,1458.25,
2013-05-10,1448.2,
2013-05-11,1448.2,
2013-05-12,1448.2,
2013-05-13,1430.58,
2013-05-14,1425.4,
2013-05-15,1393.03,
2013-05-16,1386,
2013-05-17,1359.55,
2013-05-18,1359.55,
2013-05-19,1359.55,
2013-05-20,1393.8,
2013-05-21,1376.37,
2013-05-22,1370.4,
2013-05-23,1391.1,
2013-05-24,1386.65,
2013-05-25,1386.65,
2013-05-26,1386.65,
2013-05-27,1394.78,
2013-05-28,1381.23,
2013-05-29,1393.1,
2013-05-30,1414.15,
2013-05-31,1387.92,
2013-06-01,1387.92,
2013-06-02,1387.92,
2013-06-03,1411.4,
2013-06-04,1399.43,
2013-06-05,1403.4,
2013-06-06,1413.91,
2013-06-07,1383.05,
2013-06-08,1383.05,
2013-06-09,1383.05,
2013-06-10,1386.5,
2013-06-11,1378.37,
2013-06-12,1388.9,
2013-06-13,1386.02,
2013-06-14,1390.74,
2013-06-15,1390.74,
2013-06-16,1390.74,
2013-06-17,1385.35,
2013-06-18,1367.65,
2013-06-19,1351.26,
2013-06-20,1285.05,
2013-06-21,1296.4,
2013-06-22,1296.4,
2013-06-23,1296.4,
2013-06-24,1282.38,
2013-06-25,1277.65,
2013-06-26,1226.65,
2013-06-27,1200.65,
2013-06-28,1234.57,
2013-06-29,1234.57,
2013-06-30,1234.57,
2013-07-01,1252.55,
2013-07-02,1243.49,
2013-07-03,1252.83,
2013-07-04,1249.9,
2013-07-05,1223.2,
2013-07-06,1223.2,
2013-07-07,1223.2,
2013-07-08,1237.07,
2013-07-09,1251.44,
2013-07-10,1259.78,
2013-07-11,1286.2,
2013-07-12,1285.7,
2013-07-13,1285.7,
2013-07-14,1285.7,
2013-07-15,1284.57,
2013-07-16,1292.22,
2013-07-17,1276.11,
2013-07-18,1284.24,
2013-07-19,1296.1,
2013-07-20,1296.1,
2013-07-21,1296.1,
2013-07-22,1335.88,
2013-07-23,1345.2,
2013-07-24,1322.25,
2013-07-25,1333.9,
2013-07-26,1333.3,
2013-07-27,1333.3,
2013-07-28,1333.3,
2013-07-29,1328.02,
2013-07-30,1326.3,
2013-07-31,1325.25,
2013-08-01,1310.11,
2013-08-02,1311.75,
2013-08-03,1311.75,
2013-08-04,1311.75,
2013-08-05,1303.07,
2013-08-06,1283.17,
2013-08-07,1287.65,
2013-08-08,1313.4,
2013-08-09,1314.4,
2013-08-10,1314.4,
2013-08-11,1314.4,
2013-08-12,1338.3,
2013-08-13,1321.67,
2013-08-14,1336.15,
2013-08-15,1366.31,
2013-08-16,1376.87,
2013-08-17,1376.87,
2013-08-18,1376.87,
2013-08-19,1365.98,
2013-08-20,1371.17,
2013-08-21,1366.76,
2013-08-22,1376.17,
2013-08-23,1397.75,
2013-08-24,1397.75,
2013-08-25,1397.75,
2013-08-26,1404.7,
2013-08-27,1415.09,
2013-08-28,1417.51,
2013-08-29,1407.75,
2013-08-30,1395.15,
2013-08-31,1395.15,
2013-09-01,1395.15,
2013-09-02,1391.32,
2013-09-03,1412.42,
2013-09-04,1391.63,
2013-09-05,1367.5,
2013-09-06,1391.9,
2013-09-07,1391.9,
2013-09-08,1391.9,
2013-09-09,1387.03,
2013-09-10,1363.85,
2013-09-11,1365.47,
2013-09-12,1321.67,
2013-09-13,1326.39,
2013-09-14,1326.39,
2013-09-15,1326.39,
2013-09-16,1312.98,
2013-09-17,1310.64,
2013-09-18,1364.02,
2013-09-19,1366.35,
2013-09-20,1326.05,
2013-09-21,1326.05,
2013-09-22,1326.05,
2013-09-23,1322.74,
2013-09-24,1323.35,
2013-09-25,1334.48,
2013-09-26,1324.09,
2013-09-27,1336.65,
2013-09-28,1336.65,
2013-09-29,1336.65,
2013-09-30,1328.94,
2013-10-01,1287.65,
2013-10-02,1316.19,
2013-10-03,1316.77,
2013-10-04,1310.8,
2013-10-05,1310.8,
2013-10-06,1310.8,
2013-10-07,1323.23,
2013-10-08,1319.32,
2013-10-09,1305.8,
2013-10-10,1287.6,
2013-10-11,1272.18,
2013-10-12,1272.18,
2013-10-13,1272.18,
2013-10-14,1272.39,
2013-10-15,1282.38,
2013-10-16,1282.48,
2013-10-17,1320.34,
2013-10-18,1316.25,
2013-10-19,1316.25,
2013-10-20,1316.25,
2013-10-21,1316,
2013-10-22,1340.15,
2013-10-23,1333.42,
2013-10-24,1346.78,
2013-10-25,1350.8,
2013-10-26,1350.8,
2013-10-27,1350.8,
2013-10-28,1352.65,
2013-10-29,1345.05,
2013-10-30,1344.57,
2013-10-31,1323.1,
2013-11-01,1316.2,
2013-11-02,1316.2,
2013-11-03,1316.2,
2013-11-04,1314.35,
2013-11-05,1311.81,
2013-11-06,1317.93,
2013-11-07,1307.65,
2013-11-08,1288.6,
2013-11-09,1288.6,
2013-11-10,1288.6,
2013-11-11,1282.8,
2013-11-12,1268,
2013-11-13,1281.82,
2013-11-14,1287.2,
2013-11-15,1290.2,
2013-11-16,1290.2,
2013-11-17,1290.2,
2013-11-18,1275.4,
2013-11-19,1275.65,
2013-11-20,1244.25,
2013-11-21,1243.08,
2013-11-22,1243.63,
2013-11-23,1243.63,
2013-11-24,1243.63,
2013-11-25,1251.3,
2013-11-26,1242.79,
2013-11-27,1237.97,
2013-11-28,1244.13,
2013-11-29,1253.49,
2013-11-30,1253.49,
2013-12-01,1253.49,
2013-12-02,1219.75,
2013-12-03,1223.42,
2013-12-04,1243.78,
2013-12-05,1225.17,
2013-12-06,1229.05,
2013-12-07,1229.05,
2013-12-08,1229.05,
2013-12-09,1240.41,
2013-12-10,1262.18,
2013-12-11,1252.25,
2013-12-12,1225.52,
2013-12-13,1238.8,
2013-12-14,1238.8,
2013-12-15,1238.8,
2013-12-16,1241.3,
2013-12-17,1231.05,
2013-12-18,1218.5,
2013-12-19,1188.68,
2013-12-20,1203.3,
2013-12-21,1203.3,
2013-12-22,1203.3,
2013-12-23,1198.82,
2013-12-24,1204.23,
2013-12-25,1204.24,
2013-12-26,1210.6,
2013-12-27,1213.35,
2013-12-28,1213.35,
2013-12-29,1213.35,
2013-12-30,1196.5,
2013-12-31,1205.65,
2014-01-01,1200.9,
2014-01-02,1224.4,
2014-01-03,1237.01,
2014-01-04,1237.01,
2014-01-05,1237.01,
2014-01-06,1238.07,
2014-01-07,1232.1,
2014-01-08,1225.94,
2014-01-09,1227.95,
2014-01-10,1248.45,
2014-01-11,1248.45,
2014-01-12,1248.45,
2014-01-13,1253.22,
2014-01-14,1245.19,
2014-01-15,1241.86,
2014-01-16,1242.39,
2014-01-17,1254.05,
2014-01-18,1254.05,
2014-01-19,1254.05,
2014-01-20,1254.66,
2014-01-21,1241.41,
2014-01-22,1237.08,
2014-01-23,1264.14,
2014-01-24,1270.07,
2014-01-25,1270.07,
2014-01-26,1270.07,
2014-01-27,1257.1,
2014-01-28,1256.88,
2014-01-29,1267.24,
2014-01-30,1243.92,
2014-01-31,1244.55,
2014-02-01,1244.55,
2014-02-02,1244.55,
2014-02-03,1257.68,
2014-02-04,1254.72,
2014-02-05,1257.92,
2014-02-06,1258.19,
2014-02-07,1267.27,
2014-02-08,1267.27,
2014-02-09,1267.27,
2014-02-10,1274.78,
2014-02-11,1291.46,
2014-02-12,1291.18,
2014-02-13,1302.9,
2014-02-14,1318.69,
2014-02-15,1318.69,
2014-02-16,1318.69,
2014-02-17,1331.5,
2014-02-18,1321.97,
2014-02-19,1311.6,
2014-02-20,1322.94,
2014-02-21,1324.28,
2014-02-22,1324.28,
2014-02-23,1324.28,
2014-02-24,1336.98,
2014-02-25,1340.64,
2014-02-26,1330.57,
2014-02-27,1331.33,
2014-02-28,1326.44,
2014-03-01,1326.44,
2014-03-02,1326.44,
2014-03-03,1350.58,
2014-03-04,1334.34,
2014-03-05,1336.9,
2014-03-06,1350.85,
2014-03-07,1339.98,
2014-03-08,1339.98,
2014-03-09,1339.98,
2014-03-10,1339.72,
2014-03-11,1348.97,
2014-03-12,1366.54,
2014-03-13,1370.06,
2014-03-14,1381.4,
2014-03-15,1381.4,
2014-03-16,1381.4,
2014-03-17,1365.85,
2014-03-18,1355.81,
2014-03-19,1330.85,
2014-03-20,1330.23,
2014-03-21,1333.3,
2014-03-22,1333.3,
2014-03-23,1333.3,
2014-03-24,1308.57,
2014-03-25,1311.41,
2014-03-26,1304.07,
2014-03-27,1290.74,
2014-03-28,1293.7,
2014-03-29,1293.7,
2014-03-30,1293.7,
2014-03-31,1284.72,
2014-04-01,1279.03,
2014-04-02,1290.51,
2014-04-03,1286.73,
2014-04-04,1302.7,
2014-04-05,1302.7,
2014-04-06,1302.7,
2014-04-07,1296.91,
2014-04-08,1308.27,
2014-04-09,1312.09,
2014-04-10,1317.68,
2014-04-11,1318.1,
2014-04-12,1318.1,
2014-04-13,1318.1,
2014-04-14,1326.23,
2014-04-15,1302.55,
2014-04-16,1302.13,
2014-04-17,1294.35,
2014-04-18,1294.6,
2014-04-19,1294.6,
2014-04-20,1294.6,
2014-04-21,1290.12,
2014-04-22,1283.85,
2014-04-23,1283.51,
2014-04-24,1293.83,
2014-04-25,1303.5,
2014-04-26,1303.5,
2014-04-27,1303.82,
2014-04-28,1295.69,
2014-04-29,1295.79,
2014-04-30,1291.52,
2014-05-01,1284.7,
2014-05-02,1299.6,
2014-05-03,1299.6,
2014-05-04,1299.6,
2014-05-05,1309.46,
2014-05-06,1307.37,
2014-05-07,1289.57,
2014-05-08,1289.91,
2014-05-09,1289.2,
2014-05-10,1289.2,
2014-05-11,1289.2,
2014-05-12,1295.23,
2014-05-13,1294.04,
2014-05-14,1305.26,
2014-05-15,1296,
2014-05-16,1292.5,
2014-05-17,1292.5,
2014-05-18,1292.5,
2014-05-19,1292.64,
2014-05-20,1293.84,
2014-05-21,1292.27,
2014-05-22,1293.55,
2014-05-23,1292.3,
2014-05-24,1292.3,
2014-05-25,1292.3,
2014-05-26,1292.34,
2014-05-27,1262.3,
2014-05-28,1258.27,
2014-05-29,1255.63,
2014-05-30,1250.5,
2014-05-31,1250.5,
2014-06-01,1250.5,
2014-06-02,1243.39,
2014-06-03,1244.7,
2014-06-04,1245.35,
2014-06-05,1253.05,
2014-06-06,1252.6,
2014-06-07,1252.6,
2014-06-08,1252.6,
2014-06-09,1251.81,
2014-06-10,1258.14,
2014-06-11,1260.74,
2014-06-12,1273.5,
2014-06-13,1276.63,
2014-06-14,1276.63,
2014-06-15,1276.63,
2014-06-16,1271.34,
2014-06-17,1271.55,
2014-06-18,1277.87,
2014-06-19,1319.62,
2014-06-20,1314.1,
2014-06-21,1314.1,
2014-06-22,1314.1,
2014-06-23,1317.35,
2014-06-24,1318.07,
2014-06-25,1318.05,
2014-06-26,1316.69,
2014-06-27,1315.2,
2014-06-28,1315.2,
2014-06-29,1315.2,
2014-06-30,1326.43,
2014-07-01,1326.2,
2014-07-02,1327.2,
2014-07-03,1320.02,
2014-07-04,1319.3,
2014-07-05,1319.3,
2014-07-06,1319.3,
2014-07-07,1319.72,
2014-07-08,1319.14,
2014-07-09,1325.72,
2014-07-10,1335.46,
2014-07-11,1338.4,
2014-07-12,1338.4,
2014-07-13,1338.4,
2014-07-14,1308.01,
2014-07-15,1294.63,
2014-07-16,1298.74,
2014-07-17,1318.53,
2014-07-18,1310.2,
2014-07-19,1310.2,
2014-07-20,1310.2,
2014-07-21,1311.9,
2014-07-22,1307.95,
2014-07-23,1304.31,
2014-07-24,1293.85,
2014-07-25,1307.8,
2014-07-26,1307.8,
2014-07-27,1307.8,
2014-07-28,1303.95,
2014-07-29,1298.95,
2014-07-30,1295.88,
2014-07-31,1282.73,
2014-08-01,1293.8,
2014-08-02,1293.8,
2014-08-03,1293.8,
2014-08-04,1288.59,
2014-08-05,1288.54,
2014-08-06,1305.62,
2014-08-07,1312.63,
2014-08-08,1309.3,
2014-08-09,1309.3,
2014-08-10,1309.3,
2014-08-11,1307.98,
2014-08-12,1308.41,
2014-08-13,1312.25,
2014-08-14,1316.32,
2014-08-15,1304.4,
2014-08-16,1304.4,
2014-08-17,1304.4,
2014-08-18,1297.9,
2014-08-19,1295.79,
2014-08-20,1290.96,
2014-08-21,1277.11,
2014-08-22,1280.7,
2014-08-23,1280.7,
2014-08-24,1280.7,
2014-08-25,1275.76,
2014-08-26,1280.82,
2014-08-27,1282.32,
2014-08-28,1289.7,
2014-08-29,1287.01,
2014-08-30,1287.01,
2014-08-31,1287.01,
2014-09-01,1287.05,
2014-09-02,1265.62,
2014-09-03,1269.01,
2014-09-04,1261.2,
2014-09-05,1268.3,
2014-09-06,1268.3,
2014-09-07,1268.3,
2014-09-08,1256.33,
2014-09-09,1255.15,
2014-09-10,1249.2,
2014-09-11,1240.07,
2014-09-12,1228.1,
2014-09-13,1228.1,
2014-09-14,1228.1,
2014-09-15,1232.57,
2014-09-16,1234.25,
2014-09-17,1222.37,
2014-09-18,1225.27,
2014-09-19,1216,
2014-09-20,1216,
2014-09-21,1216,
2014-09-22,1214.68,
2014-09-23,1222.42,
2014-09-24,1216.85,
2014-09-25,1221.3,
2014-09-26,1218.8,
2014-09-27,1218.8,
2014-09-28,1218.8,
2014-09-29,1214.85,
2014-09-30,1208.35,
2014-10-01,1212.75,
2014-10-02,1213.91,
2014-10-03,1190.85,
2014-10-04,1190.85,
2014-10-05,1190.85,
2014-10-06,1206.37,
2014-10-07,1208.66,
2014-10-08,1220.68,
2014-10-09,1223.65,
2014-10-10,1223.2,
2014-10-11,1223.2,
2014-10-12,1223.2,
2014-10-13,1236.22,
2014-10-14,1232.5,
2014-10-15,1239.92,
2014-10-16,1238.68,
2014-10-17,1238.1,
2014-10-18,1238.1,
2014-10-19,1238.1,
2014-10-20,1246.71,
2014-10-21,1248.97,
2014-10-22,1242.14,
2014-10-23,1232.97,
2014-10-24,1230.9,
2014-10-25,1230.9,
2014-10-26,1230.9,
2014-10-27,1225.68,
2014-10-28,1228.14,
2014-10-29,1211.73,
2014-10-30,1199.6,
2014-10-31,1172.59,
2014-11-01,1172.59,
2014-11-02,1172.59,
2014-11-03,1165.2,
2014-11-04,1168.38,
2014-11-05,1140.26,
2014-11-06,1141.57,
2014-11-07,1177.6,
2014-11-08,1177.6,
2014-11-09,1177.6,
2014-11-10,1150.97,
2014-11-11,1163.85,
2014-11-12,1162.6,
2014-11-13,1162.4,
2014-11-14,1188.4,
2014-11-15,1188.4,
2014-11-16,1188.4,
2014-11-17,1186.5,
2014-11-18,1196.45,
2014-11-19,1182.06,
2014-11-20,1193.53,
2014-11-21,1201.15,
2014-11-22,1201.15,
2014-11-23,1201.15,
2014-11-24,1197.7,
2014-11-25,1200.6,
2014-11-26,1198.1,
2014-11-27,1191.4,
2014-11-28,1167.23,
2014-11-29,1167.23,
2014-11-30,1167.23,
2014-12-01,1211.75,
2014-12-02,1197.67,
2014-12-03,1209.39,
2014-12-04,1205.03,
2014-12-05,1192.1,
2014-12-06,1192.1,
2014-12-07,1192.1,
2014-12-08,1203.15,
2014-12-09,1230.63,
2014-12-10,1226,
2014-12-11,1227.5,
2014-12-12,1222.3,
2014-12-13,1222.3,
2014-12-14,1222.3,
2014-12-15,1192.7,
2014-12-16,1196.9,
2014-12-17,1189,
2014-12-18,1198.65,
2014-12-19,1195.5,
2014-12-20,1195.5,
2014-12-21,1195.5,
2014-12-22,1176.75,
2014-12-23,1176.35,
2014-12-24,1173.6,
2014-12-25,1173.66,
2014-12-26,1195.05,
2014-12-27,1195.05,
2014-12-28,1195.05,
2014-12-29,1183.2,
2014-12-30,1200.4,
2014-12-31,1183.8,
2015-01-01,1183.81,
2015-01-02,1188.86,
2015-01-03,1188.86,
2015-01-04,1188.86,
2015-01-05,1204.21,
2015-01-06,1218.9,
2015-01-07,1210.56,
2015-01-08,1208.73,
2015-01-09,1223.13,
2015-01-10,1223.13,
2015-01-11,1223.13,
2015-01-12,1233.34,
2015-01-13,1230.58,
2015-01-14,1229.68,
2015-01-15,1261.75,
2015-01-16,1279.96,
2015-01-17,1279.96,
2015-01-18,1279.96,
2015-01-19,1276.46,
2015-01-20,1293.59,
2015-01-21,1293.26,
2015-01-22,1301.53,
2015-01-23,1294.29,
2015-01-24,1294.29,
2015-01-25,1294.29,
2015-01-26,1281.04,
2015-01-27,1292.24,
2015-01-28,1284.85,
2015-01-29,1257.2,
2015-01-30,1283.12,
2015-01-31,1283.12,
2015-02-01,1283.12,
2015-02-02,1275.01,
2015-02-03,1259.84,
2015-02-04,1269.91,
2015-02-05,1264.51,
2015-02-06,1233.38,
2015-02-07,1233.38,
2015-02-08,1233.38,
2015-02-09,1239.48,
2015-02-10,1233.76,
2015-02-11,1218.85,
2015-02-12,1222.22,
2015-02-13,1229.64,
2015-02-14,1229.64,
2015-02-15,1229.64,
2015-02-16,1230.49,
2015-02-17,1209.23,
2015-02-18,1212.6,
2015-02-19,1207.13,
2015-02-20,1202.08,
2015-02-21,1202.08,
2015-02-22,1202.08,
2015-02-23,1201.6,
2015-02-24,1199.67,
2015-02-25,1204.69,
2015-02-26,1208.89,
2015-02-27,1213.06,
2015-02-28,1213.06,
2015-03-01,1213.06,
2015-03-02,1206.79,
2015-03-03,1203.79,
2015-03-04,1199.8,
2015-03-05,1198.42,
2015-03-06,1166.95,
2015-03-07,1166.95,
2015-03-08,1166.95,
2015-03-09,1166.95,
2015-03-10,1161.42,
2015-03-11,1154.78,
2015-03-12,1152.37,
2015-03-13,1158.02,
2015-03-14,1158.02,
2015-03-15,1158.02,
2015-03-16,1154.19,
2015-03-17,1149.12,
2015-03-18,1167,
2015-03-19,1171.3,
2015-03-20,1182.2,
2015-03-21,1182.2,
2015-03-22,1182.2,
2015-03-23,1189.06,
2015-03-24,1192.6,
2015-03-25,1195.15,
2015-03-26,1203.9,
2015-03-27,1198.8,
2015-03-28,1198.8,
2015-03-29,1198.8,
2015-03-30,1185.1,
2015-03-31,1183.3,
2015-04-01,1203.7,
2015-04-02,1201.5,
2015-04-03,1202.52,
2015-04-04,1202.52,
2015-04-05,1202.52,
2015-04-06,1214.47,
2015-04-07,1208.25,
2015-04-08,1202.65,
2015-04-09,1194.3,
2015-04-10,1207.5,
2015-04-11,1207.5,
2015-04-12,1207.5,
2015-04-13,1198.35,
2015-04-14,1192.4,
2015-04-15,1201.6,
2015-04-16,1198.1,
2015-04-17,1204.1,
2015-04-18,1204.1,
2015-04-19,1204.1,
2015-04-20,1196.25,
2015-04-21,1202.39,
2015-04-22,1187.06,
2015-04-23,1193.89,
2015-04-24,1178.97,
2015-04-25,1178.97,
2015-04-26,1178.97,
2015-04-27,1201.62,
2015-04-28,1211.94,
2015-04-29,1204.72,
2015-04-30,1183.97,
2015-05-01,1178,
2015-05-02,1178,
2015-05-03,1178,
2015-05-04,1187.97,
2015-05-05,1193.02,
2015-05-06,1191.29,
2015-05-07,1184.4,
2015-05-08,1187.5,
2015-05-09,1187.5,
2015-05-10,1187.5,
2015-05-11,1183.55,
2015-05-12,1193.15,
2015-05-13,1214.69,
2015-05-14,1221,
2015-05-15,1223.7,
2015-05-16,1223.7,
2015-05-17,1223.7,
2015-05-18,1225.05,
2015-05-19,1207.55,
2015-05-20,1209.45,
2015-05-21,1206.25,
2015-05-22,1205.4,
2015-05-23,1205.4,
2015-05-24,1205.4,
2015-05-25,1206.86,
2015-05-26,1187.15,
2015-05-27,1187.9,
2015-05-28,1187.95,
2015-05-29,1190,
2015-05-30,1190,
2015-05-31,1190,
2015-06-01,1188.95,
2015-06-02,1192.95,
2015-06-03,1184.95,
2015-06-04,1176.45,
2015-06-05,1171.5,
2015-06-06,1171.5,
2015-06-07,1171.5,
2015-06-08,1173.45,
2015-06-09,1176.05,
2015-06-10,1185.35,
2015-06-11,1181.95,
2015-06-12,1180.8,
2015-06-13,1180.8,
2015-06-14,1180.8,
2015-06-15,1185.55,
2015-06-16,1181.35,
2015-06-17,1185.25,
2015-06-18,1201.25,
2015-06-19,1200,
2015-06-20,1200,
2015-06-21,1200,
2015-06-22,1185.75,
2015-06-23,1177.65,
2015-06-24,1174.7,
2015-06-25,1172.95,
2015-06-26,1175.04,
2015-06-27,1175.04,
2015-06-28,1175.04,
2015-06-29,1179.85,
2015-06-30,1172.75,
2015-07-01,1168.6,
2015-07-02,1166.05,
2015-07-03,1168.28,
2015-07-04,1168.28,
2015-07-05,1168.28,
2015-07-06,1169.78,
2015-07-07,1154.65,
2015-07-08,1156.95,
2015-07-09,1159.35,
2015-07-10,1162.65,
2015-07-11,1162.65,
2015-07-12,1162.65,
2015-07-13,1157.45,
2015-07-14,1155.05,
2015-07-15,1148.85,
2015-07-16,1144.55,
2015-07-17,1134.32,
2015-07-18,1134.32,
2015-07-19,1134.32,
2015-07-20,1097.45,
2015-07-21,1100.85,
2015-07-22,1093.95,
2015-07-23,1090.15,
2015-07-24,1098.9,
2015-07-25,1098.9,
2015-07-26,1098.9,
2015-07-27,1094,
2015-07-28,1094.85,
2015-07-29,1096.55,
2015-07-30,1087.95,
2015-07-31,1095.01,
2015-08-01,1095.01,
2015-08-02,1095.01,
2015-08-03,1086.25,
2015-08-04,1087.35,
2015-08-05,1084.65,
2015-08-06,1089.15,
2015-08-07,1093.64,
2015-08-08,1093.64,
2015-08-09,1093.64,
2015-08-10,1103.85,
2015-08-11,1108.6,
2015-08-12,1124.75,
2015-08-13,1114.55,
2015-08-14,1114.54,
2015-08-15,1114.54,
2015-08-16,1114.54,
2015-08-17,1117.35,
2015-08-18,1117.45,
2015-08-19,1133.85,
2015-08-20,1152.35,
2015-08-21,1160.23,
2015-08-22,1160.23,
2015-08-23,1160.23,
2015-08-24,1154.65,
2015-08-25,1140.35,
2015-08-26,1124.75,
2015-08-27,1125.35,
2015-08-28,1133.07,
2015-08-29,1133.07,
2015-08-30,1133.07,
2015-08-31,1134.35,
2015-09-01,1139.75,
2015-09-02,1133.35,
2015-09-03,1124.75,
2015-09-04,1121.24,
2015-09-05,1121.24,
2015-09-06,1121.24,
2015-09-07,1118.68,
2015-09-08,1121.45,
2015-09-09,1106.33,
2015-09-10,1111.15,
2015-09-11,1107.26,
2015-09-12,1107.26,
2015-09-13,1107.26,
2015-09-14,1107.92,
2015-09-15,1104.95,
2015-09-16,1118.95,
2015-09-17,1130.45,
2015-09-18,1138.9,
2015-09-19,1138.9,
2015-09-20,1138.9,
2015-09-21,1132.95,
2015-09-22,1124.05,
2015-09-23,1129.95,
2015-09-24,1153.55,
2015-09-25,1145.87,
2015-09-26,1145.87,
2015-09-27,1145.87,
2015-09-28,1131.65,
2015-09-29,1126.75,
2015-09-30,1114.55,
2015-10-01,1113.15,
2015-10-02,1137.52,
2015-10-03,1137.52,
2015-10-04,1137.52,
2015-10-05,1135.35,
2015-10-06,1146.55,
2015-10-07,1144.85,
2015-10-08,1138.45,
2015-10-09,1155.58,
2015-10-10,1155.58,
2015-10-11,1155.58,
2015-10-12,1163.15,
2015-10-13,1168.25,
2015-10-14,1184.05,
2015-10-15,1182.75,
2015-10-16,1176.55,
2015-10-17,1176.55,
2015-10-18,1176.55,
2015-10-19,1170.35,
2015-10-20,1175.55,
2015-10-21,1166.65,
2015-10-22,1165.35,
2015-10-23,1163.81,
2015-10-24,1163.81,
2015-10-25,1163.81,
2015-10-26,1162.95,
2015-10-27,1166.35,
2015-10-28,1155.55,
2015-10-29,1145.45,
2015-10-30,1141.59,
2015-10-31,1141.59,
2015-11-01,1141.59,
2015-11-02,1133.5,
2015-11-03,1117.54,
2015-11-04,1107.32,
2015-11-05,1103.68,
2015-11-06,1088.64,
2015-11-07,1088.64,
2015-11-08,1088.64,
2015-11-09,1092.03,
2015-11-10,1089.85,
2015-11-11,1085.94,
2015-11-12,1084.84,
2015-11-13,1083.51,
2015-11-14,1083.51,
2015-11-15,1083.51,
2015-11-16,1082.78,
2015-11-17,1070.22,
2015-11-18,1071.07,
2015-11-19,1082.18,
2015-11-20,1077.75,
2015-11-21,1077.75,
2015-11-22,1077.75,
2015-11-23,1069.13,
2015-11-24,1075.44,
2015-11-25,1071.32,
2015-11-26,1072.07,
2015-11-27,1058,
2015-11-28,1058,
2015-11-29,1058,
2015-11-30,1064.52,
2015-12-01,1069.27,
2015-12-02,1053.7,
2015-12-03,1062.2,
2015-12-04,1086.66,
2015-12-05,1086.66,
2015-12-06,1086.66,
2015-12-07,1070.37,
2015-12-08,1074.49,
2015-12-09,1072.98,
2015-12-10,1071.35,
2015-12-11,1074.62,
2015-12-12,1074.62,
2015-12-13,1074.62,
2015-12-14,1062.73,
2015-12-15,1060.56,
2015-12-16,1072.71,
2015-12-17,1051.6,
2015-12-18,1066.06,
2015-12-19,1066.06,
2015-12-20,1066.06,
2015-12-21,1078.28,
2015-12-22,1072.34,
2015-12-23,1069.96,
2015-12-24,1075.8,
2015-12-25,1076.45,
2015-12-26,1076.45,
2015-12-27,1076.45,
2015-12-28,1068.78,
2015-12-29,1068.71,
2015-12-30,1061.18,
2015-12-31,1061.08,
2016-01-01,1061.08,
2016-01-02,1061.08,
2016-01-03,1061.08,
2016-01-04,1074.49,
2016-01-05,1077.65,
2016-01-06,1094.32,
2016-01-07,1108.95,
2016-01-08,1103.97,
2016-01-09,1103.97,
2016-01-10,1103.97,
2016-01-11,1094.06,
2016-01-12,1086.97,
2016-01-13,1093.16,
2016-01-14,1077.81,
2016-01-15,1088.91,
2016-01-16,1088.91,
2016-01-17,1088.91,
2016-01-18,1088.94,
2016-01-19,1086.98,
2016-01-20,1100.92,
2016-01-21,1101.4,
2016-01-22,1097.63,
2016-01-23,1097.63,
2016-01-24,1097.63,
2016-01-25,1107.74,
2016-01-26,1120.21,
2016-01-27,1125.21,
2016-01-28,1114.85,
2016-01-29,1118.01,
2016-01-30,1118.01,
2016-01-31,1118.01,
2016-02-01,1128.5,
2016-02-02,1128.78,
2016-02-03,1142.62,
2016-02-04,1155.6,
2016-02-05,1173.47,
2016-02-06,1173.47,
2016-02-07,1173.47,
2016-02-08,1191.01,
2016-02-09,1188.95,
2016-02-10,1197.14,
2016-02-11,1246.68,
2016-02-12,1237.83,
2016-02-13,1237.83,
2016-02-14,1237.83,
2016-02-15,1208.88,
2016-02-16,1199.91,
2016-02-17,1208.65,
2016-02-18,1231.36,
2016-02-19,1227.65,
2016-02-20,1227.65,
2016-02-21,1227.65,
2016-02-22,1208.54,
2016-02-23,1226.97,
2016-02-24,1229.19,
2016-02-25,1234.39,
2016-02-26,1222.98,
2016-02-27,1222.98,
2016-02-28,1222.98,
2016-02-29,1237.97,
2016-03-01,1232,
2016-03-02,1240.06,
2016-03-03,1263.67,
2016-03-04,1258.78,
2016-03-05,1258.78,
2016-03-06,1258.78,
2016-03-07,1267.31,
2016-03-08,1260.91,
2016-03-09,1252.78,
2016-03-10,1271.2,
2016-03-11,1248.45,
2016-03-12,1248.45,
2016-03-13,1248.45,
2016-03-14,1234.35,
2016-03-15,1231.85,
2016-03-16,1261.95,
2016-03-17,1257.45,
2016-03-18,1255.07,
2016-03-19,1255.07,
2016-03-20,1255.07,
2016-03-21,1243.15,
2016-03-22,1247.85,
2016-03-23,1219.75,
2016-03-24,1216.83,
2016-03-25,1216.72,
2016-03-26,1216.72,
2016-03-27,1216.72,
2016-03-28,1220.95,
2016-03-29,1241.35,
2016-03-30,1224.69,
2016-03-31,1232.15,
2016-04-01,1221.84,
2016-04-02,1221.84,
2016-04-03,1221.84,
2016-04-04,1214.95,
2016-04-05,1230.95,
2016-04-06,1222.35,
2016-04-07,1240.35,
2016-04-08,1239.32,
2016-04-09,1239.32,
2016-04-10,1239.32,
2016-04-11,1257.25,
2016-04-12,1254.55,
2016-04-13,1242.05,
2016-04-14,1226.95,
2016-04-15,1229.9,
2016-04-16,1229.9,
2016-04-17,1229.9,
2016-04-18,1232.2,
2016-04-19,1249.4,
2016-04-20,1242.6,
2016-04-21,1247,
2016-04-22,1231.8,
2016-04-23,1231.8,
2016-04-24,1231.8,
2016-04-25,1237.6,
2016-04-26,1243.3,
2016-04-27,1245.7,
2016-04-28,1265.85,
2016-04-29,1292.77,
2016-04-30,1292.77,
2016-05-01,1292.77,
2016-05-02,1291.7,
2016-05-03,1286.3,
2016-05-04,1279.6,
2016-05-05,1278,
2016-05-06,1288.03,
2016-05-07,1288.03,
2016-05-08,1288.03,
2016-05-09,1263.45,
2016-05-10,1265.15,
2016-05-11,1276.85,
2016-05-12,1262.85,
2016-05-13,1272.45,
2016-05-14,1272.45,
2016-05-15,1272.45,
2016-05-16,1272.7,
2016-05-17,1278.6,
2016-05-18,1256.7,
2016-05-19,1253.6,
2016-05-20,1251.95,
2016-05-21,1251.95,
2016-05-22,1251.95,
2016-05-23,1248.88,
2016-05-24,1226.55,
2016-05-25,1224.15,
2016-05-26,1219.6,
2016-05-27,1214.22,
2016-05-28,1214.22,
2016-05-29,1214.22,
2016-05-30,1205,
2016-05-31,1214.95,
2016-06-01,1212.05,
2016-06-02,1210.55,
2016-06-03,1243.82,
2016-06-04,1243.82,
2016-06-05,1243.82,
2016-06-06,1244.95,
2016-06-07,1243.25,
2016-06-08,1262.25,
2016-06-09,1269.05,
2016-06-10,1273.58,
2016-06-11,1273.58,
2016-06-12,1273.58,
2016-06-13,1283.6,
2016-06-14,1285.5,
2016-06-15,1291.5,
2016-06-16,1277,
2016-06-17,1298.18,
2016-06-18,1298.18,
2016-06-19,1298.18,
2016-06-20,1289.9,
2016-06-21,1267.1,
2016-06-22,1265.9,
2016-06-23,1256,
2016-06-24,1317.32,
2016-06-25,1317.32,
2016-06-26,1317.32,
2016-06-27,1324.8,
2016-06-28,1311.96,
2016-06-29,1317,
2016-06-30,1321.51,
2016-07-01,1343.4,
2016-07-02,1343.4,
2016-07-03,1343.4,
2016-07-04,1350.73,
2016-07-05,1355.2,
2016-07-06,1362.8,
2016-07-07,1360.1,
2016-07-08,1365.85,
2016-07-09,1365.85,
2016-07-10,1365.85,
2016-07-11,1355.5,
2016-07-12,1332.4,
2016-07-13,1342.19,
2016-07-14,1334.1,
2016-07-15,1337.29,
2016-07-16,1337.29,
2016-07-17,1337.29,
2016-07-18,1328.2,
2016-07-19,1331.5,
2016-07-20,1315.3,
2016-07-21,1330.7,
2016-07-22,1322.1,
2016-07-23,1322.1,
2016-07-24,1322.1,
2016-07-25,1315.2,
2016-07-26,1319.5,
2016-07-27,1341,
2016-07-28,1335.05,
2016-07-29,1350.57,
2016-07-30,1350.57,
2016-07-31,1350.57,
2016-08-01,1353.1,
2016-08-02,1363.5,
2016-08-03,1357.4,
2016-08-04,1361.4,
2016-08-05,1336.53,
2016-08-06,1336.53,
2016-08-07,1336.53,
2016-08-08,1334.9,
2016-08-09,1340.7,
2016-08-10,1346.9,
2016-08-11,1338.5,
2016-08-12,1335.49,
2016-08-13,1335.49,
2016-08-14,1335.49,
2016-08-15,1338.85,
2016-08-16,1346,
2016-08-17,1348.3,
2016-08-18,1350.9,
2016-08-19,1339.77,
2016-08-20,1339.77,
2016-08-21,1339.77,
2016-08-22,1338.65,
2016-08-23,1337.3,
2016-08-24,1323.4,
2016-08-25,1321.8,
2016-08-26,1320.59,
2016-08-27,1320.59,
2016-08-28,1320.59,
2016-08-29,1322.65,
2016-08-30,1310.7,
2016-08-31,1308.9,
2016-09-01,1314.7,
2016-09-02,1327.2,
2016-09-03,1327.2,
2016-09-04,1327.2,
2016-09-05,1326.83,
2016-09-06,1349.75,
2016-09-07,1344.25,
2016-09-08,1337.4,
2016-09-09,1328,
2016-09-10,1328,
2016-09-11,1328,
2016-09-12,1328.7,
2016-09-13,1318.05,
2016-09-14,1322.55,
2016-09-15,1322.55,
2016-09-16,1309.72,
2016-09-17,1309.72,
2016-09-18,1309.72,
2016-09-19,1312.6,
2016-09-20,1314.9,
2016-09-21,1336.2,
2016-09-22,1337.3,
2016-09-23,1337.1,
2016-09-24,1337.1,
2016-09-25,1337.1,
2016-09-26,1337.4,
2016-09-27,1326.1,
2016-09-28,1321.3,
2016-09-29,1320,
2016-09-30,1316.1,
2016-10-01,1316.1,
2016-10-02,1316.1,
2016-10-03,1310.3,
2016-10-04,1268.1,
2016-10-05,1266.1,
2016-10-06,1253.8,
2016-10-07,1256.5,
2016-10-08,1256.5,
2016-10-09,1256.5,
2016-10-10,1259.6,
2016-10-11,1252.05,
2016-10-12,1254.75,
2016-10-13,1257.25,
2016-10-14,1250,
2016-10-15,1250,
2016-10-16,1250,
2016-10-17,1254.9,
2016-10-18,1262.2,
2016-10-19,1269,
2016-10-20,1265.2,
2016-10-21,1265.71,
2016-10-22,1265.71,
2016-10-23,1265.71,
2016-10-24,1263.8,
2016-10-25,1273.3,
2016-10-26,1265.7,
2016-10-27,1267.8,
2016-10-28,1275.4,
2016-10-29,1275.4,
2016-10-30,1275.4,
2016-10-31,1276.75,
2016-11-01,1287.5,
2016-11-02,1297,
2016-11-03,1301.4,
2016-11-04,1303.7,
2016-11-05,1303.7,
2016-11-06,1303.7,
2016-11-07,1281.57,
2016-11-08,1275.93,
2016-11-09,1277.3,
2016-11-10,1258.72,
2016-11-11,1227.23,
2016-11-12,1227.23,
2016-11-13,1227.23,
2016-11-14,1220.24,
2016-11-15,1228.06,
2016-11-16,1224.58,
2016-11-17,1215.88,
2016-11-18,1207.97,
2016-11-19,1207.97,
2016-11-20,1207.97,
2016-11-21,1213.66,
2016-11-22,1211.8,
2016-11-23,1188.06,
2016-11-24,1183.86,
2016-11-25,1183.8,
2016-11-26,1183.8,
2016-11-27,1183.8,
2016-11-28,1193.3,
2016-11-29,1188.15,
2016-11-30,1173.2,
2016-12-01,1171.45,
2016-12-02,1176.7,
2016-12-03,1176.7,
2016-12-04,1176.7,
2016-12-05,1169.97,
2016-12-06,1169.5,
2016-12-07,1173.92,
2016-12-08,1174.37,
2016-12-09,1174.37,
2016-12-10,1174.37,
2016-12-11,1174.37,
2016-12-12,1174.37,
2016-12-13,1174.37,
2016-12-14,1174.37,
2016-12-15,1174.37,
2016-12-16,1174.37,
2016-12-17,1174.37,
2016-12-18,1174.37,
2016-12-19,1174.37,
2016-12-20,1174.37,
2016-12-21,1174.37,
2016-12-22,1174.37,
2016-12-23,1174.37,
2016-12-24,1174.37,
2016-12-25,1174.37,
2016-12-26,1174.37,
2016-12-27,1174.37,
2016-12-28,1174.37,
2016-12-29,1174.37,
2016-12-30,1174.37,
2016-12-31,1174.37,
2017-01-01,1174.37,
2017-01-02,1174.37,
2017-01-03,1174.37,
2017-01-04,1174.37,
2017-01-05,1174.37,
2017-01-06,1174.37,
2017-01-07,1174.37,
2017-01-08,1174.37,
2017-01-09,1174.37,
2017-01-10,1174.37,
2017-01-11,1174.37,
2017-01-12,1174.37,
2017-01-13,1174.37,
2017-01-14,1174.37,
2017-01-15,1174.37,
2017-01-16,1174.37,
2017-01-17,1174.37,
2017-01-18,1174.37,
2017-01-19,1174.37,
2017-01-20,1174.37,
2017-01-21,1174.37,
2017-01-22,1174.37,
2017-01-23,1174.37,
2017-01-24,1174.37,
2017-01-25,1174.37,
2017-01-26,1174.37,
2017-01-27,1174.37,
2017-01-28,1174.37,
2017-01-29,1174.37,
2017-01-30,1174.37,
2017-01-31,1174.37,
2017-02-01,1174.37,
2017-02-02,1174.37,
2017-02-03,1174.37,
2017-02-04,1174.37,
2017-02-05,1174.37,
2017-02-06,1174.37,
2017-02-07,1174.37,
2017-02-08,1174.37,
2017-02-09,1174.37,
2017-02-10,1174.37,
2017-02-11,1174.37,
2017-02-12,1174.37,
2017-02-13,1174.37,
2017-02-14,1174.37,
2017-02-15,1174.37,
2017-02-16,1174.37,
2017-02-17,1174.37,
2017-02-18,1174.37,
2017-02-19,1174.37,
2017-02-20,1174.37,
2017-02-21,1174.37,
2017-02-22,1174.37,
2017-02-23,1174.37,
2017-02-24,1174.37,
2017-02-25,1174.37,
2017-02-26,1174.37,
2017-02-27,1174.37,
2017-02-28,1174.37,
2017-03-01,1174.37,
2017-03-02,1174.37,
2017-03-03,1174.37,
2017-03-04,1174.37,
2017-03-05,1174.37,
2017-03-06,1174.37,
2017-03-07,1174.37,
2017-03-08,1174.37,
2017-03-09,1174.37,
2017-03-10,1174.37,
2017-03-11,1174.37,
2017-03-12,1174.37,
2017-03-13,1174.37,
2017-03-14,1174.37,
2017-03-15,1174.37,
2017-03-16,1174.37,
2017-03-17,1174.37,
2017-03-18,1174.37,
2017-03-19,1174.37,
2017-03-20,1174.37,
2017-03-21,1174.37,
2017-03-22,1174.37,
2017-03-23,1174.37,
2017-03-24,1174.37,
2017-03-25,1174.37,
2017-03-26,1174.37,
2017-03-27,1174.37,
2017-03-28,1174.37,
2017-03-29,1174.37,
2017-03-30,1174.37,
2017-03-31,1174.37,
2017-04-01,1174.37,
2017-04-02,1174.37,
2017-04-03,1174.37,
2017-04-04,1174.37,
2017-04-05,1174.37,
2017-04-06,1174.37,
2017-04-07,1174.37,
2017-04-08,1174.37,
2017-04-09,1174.37,
2017-04-10,1174.37,
2017-04-11,1174.37,
2017-04-12,1174.37,
2017-04-13,1174.37,
2017-04-14,1174.37,
2017-04-15,1174.37,
2017-04-16,1174.37,
2017-04-17,1174.37,
2017-04-18,1174.37,
2017-04-19,1174.37,
2017-04-20,1174.37,
2017-04-21,1174.37,
2017-04-22,1174.37,
2017-04-23,1174.37,
2017-04-24,1174.37,
2017-04-25,1174.37,
2017-04-26,1174.37,
2017-04-27,1174.37,
2017-04-28,1174.37,
2017-04-29,1174.37,
2017-04-30,1174.37,
2017-05-01,1174.37,
2017-05-02,1174.37,
2017-05-03,1174.37,
2017-05-04,1174.37,
2017-05-05,1174.37,
2017-05-06,1174.37,
2017-05-07,1174.37,
2017-05-08,1174.37,
2017-05-09,1174.37,
2017-05-10,1174.37,
2017-05-11,1174.37,
2017-05-12,1174.37,
2017-05-13,1174.37,
2017-05-14,1174.37,
2017-05-15,1174.37,
2017-05-16,1174.37,
2017-05-17,1174.37,
2017-05-18,1174.37,
2017-05-19,1174.37,
2017-05-20,1174.37,
2017-05-21,1174.37,
2017-05-22,1174.37,
2017-05-23,1174.37,
2017-05-24,1174.37,
2017-05-25,1174.37,
2017-05-26,1174.37,
2017-05-27,1174.37,
2017-05-28,1174.37,
2017-05-29,1174.37,
2017-05-30,1174.37,
2017-05-31,1174.37,
2017-06-01,1174.37,
2017-06-02,1174.37,
2017-06-03,1174.37,
2017-06-04,1174.37,
2017-06-05,1174.37,
2017-06-06,1174.37,
2017-06-07,1174.37,
2017-06-08,1174.37,
2017-06-09,1174.37,
2017-06-10,1174.37,
2017-06-11,1174.37,
2017-06-12,1174.37,
2017-06-13,1174.37,
2017-06-14,1174.37,
2017-06-15,1174.37,
2017-06-16,1174.37,
2017-06-17,1174.37,
2017-06-18,1174.37,
2017-06-19,1174.37,
2017-06-20,1174.37,
2017-06-21,1174.37,
2017-06-22,1174.37,
2017-06-23,1174.37,
2017-06-24,1174.37,
2017-06-25,1174.37,
2017-06-26,1174.37,
2017-06-27,1174.37,
2017-06-28,1174.37,
2017-06-29,1174.37,
2017-06-30,1174.37,
2017-07-01,1174.37,
2017-07-02,1174.37,
2017-07-03,1174.37,
2017-07-04,1174.37,
2017-07-05,1174.37,
2017-07-06,1174.37,
2017-07-07,1174.37,
2017-07-08,1174.37,
2017-07-09,1174.37,
2017-07-10,1174.37,
2017-07-11,1174.37,
2017-07-12,1174.37,
2017-07-13,1174.37,
2017-07-14,1174.37,
2017-07-15,1174.37,
2017-07-16,1174.37,
2017-07-17,1174.37,
2017-07-18,1174.37,
2017-07-19,1174.37,
2017-07-20,1174.37,
2017-07-21,1174.37,
2017-07-22,1174.37,
2017-07-23,1174.37,
2017-07-24,1174.37,
2017-07-25,1174.37,
2017-07-26,1174.37,
2017-07-27,1174.37,
2017-07-28,1174.37,
2017-07-29,1174.37,
2017-07-30,1174.37,
2017-07-31,1174.37,
2017-08-01,1174.37,
2017-08-02,1174.37,
2017-08-03,1174.37,
2017-08-04,1174.37,
2017-08-05,1174.37,
2017-08-06,1174.37,
2017-08-07,1174.37,
2017-08-08,1174.37,
2017-08-09,1174.37,
2017-08-10,1174.37,
2017-08-11,1174.37,
2017-08-12,1174.37,
2017-08-13,1174.37,
2017-08-14,1174.37,
2017-08-15,1174.37,
2017-08-16,1174.37,
2017-08-17,1174.37,
2017-08-18,1174.37,
2017-08-19,1174.37,
2017-08-20,1174.37,
2017-08-21,1174.37,
2017-08-22,1174.37,
2017-08-23,1174.37,
2017-08-24,1174.37,
2017-08-25,1174.37,
2017-08-26,1174.37,
2017-08-27,1174.37,
2017-08-28,1174.37,
2017-08-29,1174.37,
2017-08-30,1174.37,
2017-08-31,1174.37,
2017-09-01,1174.37,
2017-09-02,1174.37,
2017-09-03,1174.37,
2017-09-04,1174.37,
2017-09-05,1174.37,
2017-09-06,1174.37,
2017-09-07,1174.37,
2017-09-08,1174.37,
2017-09-09,1174.37,
2017-09-10,1174.37,
2017-09-11,1174.37,
2017-09-12,1174.37,
2017-09-13,1174.37,
2017-09-14,1174.37,
2017-09-15,1174.37,
2017-09-16,1174.37,
2017-09-17,1174.37,
2017-09-18,1174.37,
2017-09-19,1174.37,
2017-09-20,1174.37,
2017-09-21,1174.37,
2017-09-22,1174.37,
2017-09-23,1174.37,
2017-09-24,1174.37,
2017-09-25,1174.37,
2017-09-26,1174.37,
2017-09-27,1174.37,
2017-09-28,1174.37,
2017-09-29,1174.37,
2017-09-30,1174.37,
2017-10-01,1174.37,
2017-10-02,1174.37,
2017-10-03,1174.37,
2017-10-04,1174.37,
2017-10-05,1174.37,
2017-10-06,1174.37,
2017-10-07,1174.37,
2017-10-08,1174.37,
2017-10-09,1174.37,
2017-10-10,1174.37,
2017-10-11,1174.37,
2017-10-12,1174.37,
2017-10-13,1174.37,
2017-10-14,1174.37,
2017-10-15,1174.37,
2017-10-16,1174.37,
2017-10-17,1174.37,
2017-10-18,1174.37,
2017-10-19,1174.37,
2017-10-20,1174.37,
2017-10-21,1174.37,
2017-10-22,1174.37,
2017-10-23,1174.37,
2017-10-24,1174.37,
2017-10-25,1174.37,
2017-10-26,1174.37,
2017-10-27,1174.37,
2017-10-28,1174.37,
2017-10-29,1174.37,
2017-10-30,1174.37,
2017-10-31,1174.37,
2017-11-01,1174.37,
2017-11-02,1174.37,
2017-11-03,1174.37,
